Workbook

Sheet Master
A1: Team | B1: Roster Name | C1: Simple Name | D1: Offical ID | E1: Initial_Name | F1: First Name | G1: Last Name | H1: Vald Name | I1: Kinexon Name | J1: Perch Name | K1: Data Hub Name | L1: Position | M1: Position Class | N1: Offical ID2 | O1: Starters
A2: Active | B2: Lamont Johnson-Burrell | C2: Lamont Johnson-Burrell | D2: Johnson-Burrell_Lamont_25 | E2: =CONCATENATE(Master_Roster[[#This Row],[Last Name]],", ",MID(Master_Roster[[#This Row],[First Name]],1,2)) -> Johnson-Burrell, La | F2: Lamont | G2: Johnson-Burrell | H2: Lamont Johnson-Burrell | I2: Lamont Johnson-Burrell | J2: Lamont Johnson-Burrell | K2: Johnson-Burrell, Lamont | L2: =IFERROR(VLOOKUP(Master_Roster[[#This Row],[Offical ID]],'Online Roster'!L$3:M$112,2,FALSE),"") -> CB | M2: {=IFERROR(_xlfn.IFS(OR(Master_Roster[[#This Row],[Position]]="OL",Master_Roster[[#This Row],[Position]]="DL"),"Bigs",OR(Master_Roster[[#This Row],[Position]]="ILB",Master_Roster[[#This Row],[Position]]="OLB",Master_Roster[[#This Row],[Position]]="TE",Master_Roster[[#This Row],[Position]]="QB",Master_Roster[[#This Row],[Position]]="RB",Master_Roster[[#This Row],[Position]]="FB"),"Mids",OR(Master_Roster[[#This Row],[Position]]="WR",Master_Roster[[#This Row],[Position]]="CB",Master_Roster[[#This Row],[Position]]="S"),"Skills",OR(Master_Roster[[#This Row],[Position]]="K",Master_Roster[[#This Row],[Position]]="P",Master_Roster[[#This Row],[Position]]="LS",),"Spec"),"")} -> Skills | N2: =Master_Roster[[#This Row],[Offical ID]] -> Johnson-Burrell_Lamont_25 | O2: Back-Up
A3: Active | B3: Caleb Reese | C3: Caleb Reese | D3: Reese_Caleb_25 | E3: =CONCATENATE(Master_Roster[[#This Row],[Last Name]],", ",MID(Master_Roster[[#This Row],[First Name]],1,2)) -> Reese, Ca | F3: Caleb | G3: Reese | H3: Caleb Reese | I3: Caleb Reese | J3: =Master_Roster[[#This Row],[Simple Name]] -> Caleb Reese | K3: Reese, Caleb | L3: =IFERROR(VLOOKUP(Master_Roster[[#This Row],[Offical ID]],'Online Roster'!L$3:M$112,2,FALSE),"") -> CB | M3: {=IFERROR(_xlfn.IFS(OR(Master_Roster[[#This Row],[Position]]="OL",Master_Roster[[#This Row],[Position]]="DL"),"Bigs",OR(Master_Roster[[#This Row],[Position]]="ILB",Master_Roster[[#This Row],[Position]]="OLB",Master_Roster[[#This Row],[Position]]="TE",Master_Roster[[#This Row],[Position]]="QB",Master_Roster[[#This Row],[Position]]="RB",Master_Roster[[#This Row],[Position]]="FB"),"Mids",OR(Master_Roster[[#This Row],[Position]]="WR",Master_Roster[[#This Row],[Position]]="CB",Master_Roster[[#This Row],[Position]]="S"),"Skills",OR(Master_Roster[[#This Row],[Position]]="K",Master_Roster[[#This Row],[Position]]="P",Master_Roster[[#This Row],[Position]]="LS",),"Spec"),"")} -> Skills | N3: =Master_Roster[[#This Row],[Offical ID]] -> Reese_Caleb_25 | O3: Back-Up
A4: Active | B4: Jayden Robinson | C4: Jayden Robinson | D4: Robinson_Jayden_25 | E4: =CONCATENATE(Master_Roster[[#This Row],[Last Name]],", ",MID(Master_Roster[[#This Row],[First Name]],1,2)) -> Robinson, Ja | F4: Jayden | G4: Robinson | H4: Jayden Robinson | I4: Jayden Robinson | J4: Jayden Robinson | K4: Robinson, Jayden | L4: =IFERROR(VLOOKUP(Master_Roster[[#This Row],[Offical ID]],'Online Roster'!L$3:M$112,2,FALSE),"") -> CB | M4: {=IFERROR(_xlfn.IFS(OR(Master_Roster[[#This Row],[Position]]="OL",Master_Roster[[#This Row],[Position]]="DL"),"Bigs",OR(Master_Roster[[#This Row],[Position]]="ILB",Master_Roster[[#This Row],[Position]]="OLB",Master_Roster[[#This Row],[Position]]="TE",Master_Roster[[#This Row],[Position]]="QB",Master_Roster[[#This Row],[Position]]="RB",Master_Roster[[#This Row],[Position]]="FB"),"Mids",OR(Master_Roster[[#This Row],[Position]]="WR",Master_Roster[[#This Row],[Position]]="CB",Master_Roster[[#This Row],[Position]]="S"),"Skills",OR(Master_Roster[[#This Row],[Position]]="K",Master_Roster[[#This Row],[Position]]="P",Master_Roster[[#This Row],[Position]]="LS",),"Spec"),"")} -> Skills | N4: =Master_Roster[[#This Row],[Offical ID]] -> Robinson_Jayden_25 | O4: Back-Up
A5: Active | B5: Adam Taylor | C5: Adam Taylor | D5: Taylor_Adam_25 | E5: =CONCATENATE(Master_Roster[[#This Row],[Last Name]],", ",MID(Master_Roster[[#This Row],[First Name]],1,2)) -> Taylor, Ad | F5: Adam | G5: Taylor | H5: Adam Taylor | I5: Adam Taylor | J5: Adam Taylor | K5: Taylor, Adam | L5: =IFERROR(VLOOKUP(Master_Roster[[#This Row],[Offical ID]],'Online Roster'!L$3:M$112,2,FALSE),"") -> CB | M5: {=IFERROR(_xlfn.IFS(OR(Master_Roster[[#This Row],[Position]]="OL",Master_Roster[[#This Row],[Position]]="DL"),"Bigs",OR(Master_Roster[[#This Row],[Position]]="ILB",Master_Roster[[#This Row],[Position]]="OLB",Master_Roster[[#This Row],[Position]]="TE",Master_Roster[[#This Row],[Position]]="QB",Master_Roster[[#This Row],[Position]]="RB",Master_Roster[[#This Row],[Position]]="FB"),"Mids",OR(Master_Roster[[#This Row],[Position]]="WR",Master_Roster[[#This Row],[Position]]="CB",Master_Roster[[#This Row],[Position]]="S"),"Skills",OR(Master_Roster[[#This Row],[Position]]="K",Master_Roster[[#This Row],[Position]]="P",Master_Roster[[#This Row],[Position]]="LS",),"Spec"),"")} -> Skills | N5: =Master_Roster[[#This Row],[Offical ID]] -> Taylor_Adam_25 | O5: Back-Up
A6: Active | B6: Nash Burkhart | C6: Nash Burkhart | D6: Burkhart_Nash_25 | E6: =CONCATENATE(Master_Roster[[#This Row],[Last Name]],", ",MID(Master_Roster[[#This Row],[First Name]],1,2)) -> Burkhart, Na | F6: Nash | G6: Burkhart | H6: Nash Burkart | I6: Nash Burkart | J6: Nash Burkart | K6: Burkart, Nash | L6: CB | M6: Skills | N6: =Master_Roster[[#This Row],[Offical ID]] -> Burkhart_Nash_25 | O6: Back-Up
A7: Active | B7: Dejuan Butler | C7: Dejuan Butler | D7: Butler_Dejuan_25 | E7: =CONCATENATE(Master_Roster[[#This Row],[Last Name]],", ",MID(Master_Roster[[#This Row],[First Name]],1,2)) -> Butler, De | F7: Dejuan | G7: Butler | H7: DeJuan Butler | I7: Dejuan Butler | J7: Dejuan Butler | K7: Butler, DeJuan | L7: =IFERROR(VLOOKUP(Master_Roster[[#This Row],[Offical ID]],'Online Roster'!L$3:M$112,2,FALSE),"") -> CB | M7: {=IFERROR(_xlfn.IFS(OR(Master_Roster[[#This Row],[Position]]="OL",Master_Roster[[#This Row],[Position]]="DL"),"Bigs",OR(Master_Roster[[#This Row],[Position]]="ILB",Master_Roster[[#This Row],[Position]]="OLB",Master_Roster[[#This Row],[Position]]="TE",Master_Roster[[#This Row],[Position]]="QB",Master_Roster[[#This Row],[Position]]="RB",Master_Roster[[#This Row],[Position]]="FB"),"Mids",OR(Master_Roster[[#This Row],[Position]]="WR",Master_Roster[[#This Row],[Position]]="CB",Master_Roster[[#This Row],[Position]]="S"),"Skills",OR(Master_Roster[[#This Row],[Position]]="K",Master_Roster[[#This Row],[Position]]="P",Master_Roster[[#This Row],[Position]]="LS",),"Spec"),"")} -> Skills | N7: =Master_Roster[[#This Row],[Offical ID]] -> Butler_Dejuan_25 | O7: Rotation
A8: Archive 25 | B8: Jordan Atkinson | C8: Jordan Atkinson | D8: Atkinson_Jordan_25 | E8: =CONCATENATE(Master_Roster[[#This Row],[Last Name]],", ",MID(Master_Roster[[#This Row],[First Name]],1,2)) -> Atkinson, Jo | F8: Jordan | G8: Atkinson | H8: Jordan Atkinson | I8: Jordan Atkinson | K8: Atkinson, Jordan | L8: =IFERROR(VLOOKUP(Master_Roster[[#This Row],[Offical ID]],'Online Roster'!L$3:M$112,2,FALSE),"") -> OLB | M8: {=IFERROR(_xlfn.IFS(OR(Master_Roster[[#This Row],[Position]]="OL",Master_Roster[[#This Row],[Position]]="DL"),"Bigs",OR(Master_Roster[[#This Row],[Position]]="ILB",Master_Roster[[#This Row],[Position]]="OLB",Master_Roster[[#This Row],[Position]]="TE",Master_Roster[[#This Row],[Position]]="QB",Master_Roster[[#This Row],[Position]]="RB",Master_Roster[[#This Row],[Position]]="FB"),"Mids",OR(Master_Roster[[#This Row],[Position]]="WR",Master_Roster[[#This Row],[Position]]="CB",Master_Roster[[#This Row],[Position]]="S"),"Skills",OR(Master_Roster[[#This Row],[Position]]="K",Master_Roster[[#This Row],[Position]]="P",Master_Roster[[#This Row],[Position]]="LS",),"Spec"),"")} -> Mids | N8: =Master_Roster[[#This Row],[Offical ID]] -> Atkinson_Jordan_25
A9: Active | B9: Warren Smith, Jr. | C9: Warren Smith | D9: Smith_Warren_25 | E9: =CONCATENATE(Master_Roster[[#This Row],[Last Name]],", ",MID(Master_Roster[[#This Row],[First Name]],1,2)) -> Smith, Wa | F9: Warren | G9: Smith | H9: Warren Smith | I9: Warren Smith | J9: Warren Smith | K9: Smith, Warren | L9: =IFERROR(VLOOKUP(Master_Roster[[#This Row],[Offical ID]],'Online Roster'!L$3:M$112,2,FALSE),"") -> CB | M9: {=IFERROR(_xlfn.IFS(OR(Master_Roster[[#This Row],[Position]]="OL",Master_Roster[[#This Row],[Position]]="DL"),"Bigs",OR(Master_Roster[[#This Row],[Position]]="ILB",Master_Roster[[#This Row],[Position]]="OLB",Master_Roster[[#This Row],[Position]]="TE",Master_Roster[[#This Row],[Position]]="QB",Master_Roster[[#This Row],[Position]]="RB",Master_Roster[[#This Row],[Position]]="FB"),"Mids",OR(Master_Roster[[#This Row],[Position]]="WR",Master_Roster[[#This Row],[Position]]="CB",Master_Roster[[#This Row],[Position]]="S"),"Skills",OR(Master_Roster[[#This Row],[Position]]="K",Master_Roster[[#This Row],[Position]]="P",Master_Roster[[#This Row],[Position]]="LS",),"Spec"),"")} -> Skills | N9: =Master_Roster[[#This Row],[Offical ID]] -> Smith_Warren_25 | O9: Starter
A10: Active | B10: Jalen Williams | C10: Jalen Williams | D10: Williams_Jalen_25 | E10: =CONCATENATE(Master_Roster[[#This Row],[Last Name]],", ",MID(Master_Roster[[#This Row],[First Name]],1,2)) -> Williams, Ja | F10: Jalen | G10: Williams | H10: Jalen Williams | I10: Jalen Williams | J10: Jalen Williams | K10: Williams, Jalen | L10: CB | M10: {=IFERROR(_xlfn.IFS(OR(Master_Roster[[#This Row],[Position]]="OL",Master_Roster[[#This Row],[Position]]="DL"),"Bigs",OR(Master_Roster[[#This Row],[Position]]="ILB",Master_Roster[[#This Row],[Position]]="OLB",Master_Roster[[#This Row],[Position]]="TE",Master_Roster[[#This Row],[Position]]="QB",Master_Roster[[#This Row],[Position]]="RB",Master_Roster[[#This Row],[Position]]="FB"),"Mids",OR(Master_Roster[[#This Row],[Position]]="WR",Master_Roster[[#This Row],[Position]]="CB",Master_Roster[[#This Row],[Position]]="S"),"Skills",OR(Master_Roster[[#This Row],[Position]]="K",Master_Roster[[#This Row],[Position]]="P",Master_Roster[[#This Row],[Position]]="LS",),"Spec"),"")} -> Skills | N10: =Master_Roster[[#This Row],[Offical ID]] -> Williams_Jalen_25 | O10: Rotation
A11: Active | B11: Ricky Lee III | C11: Ricky Lee | D11: Lee_Ricky_25 | E11: =CONCATENATE(Master_Roster[[#This Row],[Last Name]],", ",MID(Master_Roster[[#This Row],[First Name]],1,2)) -> Lee, Ri | F11: Ricky | G11: Lee | H11: Ricky Lee | I11: Ricky Lee | J11: Ricky Lee | K11: Lee, Ricky | L11: =IFERROR(VLOOKUP(Master_Roster[[#This Row],[Offical ID]],'Online Roster'!L$3:M$112,2,FALSE),"") -> CB | M11: {=IFERROR(_xlfn.IFS(OR(Master_Roster[[#This Row],[Position]]="OL",Master_Roster[[#This Row],[Position]]="DL"),"Bigs",OR(Master_Roster[[#This Row],[Position]]="ILB",Master_Roster[[#This Row],[Position]]="OLB",Master_Roster[[#This Row],[Position]]="TE",Master_Roster[[#This Row],[Position]]="QB",Master_Roster[[#This Row],[Position]]="RB",Master_Roster[[#This Row],[Position]]="FB"),"Mids",OR(Master_Roster[[#This Row],[Position]]="WR",Master_Roster[[#This Row],[Position]]="CB",Master_Roster[[#This Row],[Position]]="S"),"Skills",OR(Master_Roster[[#This Row],[Position]]="K",Master_Roster[[#This Row],[Position]]="P",Master_Roster[[#This Row],[Position]]="LS",),"Spec"),"")} -> Skills | N11: =Master_Roster[[#This Row],[Offical ID]] -> Lee_Ricky_25 | O11: Starter
A12: Active | B12: Elias Mullican | C12: Elias Mullican | D12: Mullican_Elias_25 | E12: =CONCATENATE(Master_Roster[[#This Row],[Last Name]],", ",MID(Master_Roster[[#This Row],[First Name]],1,2)) -> Mullican, El | F12: Elias | G12: Mullican | H12: Elias Mullican | I12: Elias Mullican | J12: Elias Mullican | K12: Mullican, Elias | L12: =IFERROR(VLOOKUP(Master_Roster[[#This Row],[Offical ID]],'Online Roster'!L$3:M$112,2,FALSE),"") -> CB | M12: {=IFERROR(_xlfn.IFS(OR(Master_Roster[[#This Row],[Position]]="OL",Master_Roster[[#This Row],[Position]]="DL"),"Bigs",OR(Master_Roster[[#This Row],[Position]]="ILB",Master_Roster[[#This Row],[Position]]="OLB",Master_Roster[[#This Row],[Position]]="TE",Master_Roster[[#This Row],[Position]]="QB",Master_Roster[[#This Row],[Position]]="RB",Master_Roster[[#This Row],[Position]]="FB"),"Mids",OR(Master_Roster[[#This Row],[Position]]="WR",Master_Roster[[#This Row],[Position]]="CB",Master_Roster[[#This Row],[Position]]="S"),"Skills",OR(Master_Roster[[#This Row],[Position]]="K",Master_Roster[[#This Row],[Position]]="P",Master_Roster[[#This Row],[Position]]="LS",),"Spec"),"")} -> Skills | N12: =Master_Roster[[#This Row],[Offical ID]] -> Mullican_Elias_25 | O12: Starter
A13: Active | B13: Jason Oliver | C13: Jason Oliver | D13: Oliver_Jason_25 | E13: =CONCATENATE(Master_Roster[[#This Row],[Last Name]],", ",MID(Master_Roster[[#This Row],[First Name]],1,2)) -> Oliver, Ja | F13: Jason | G13: Oliver | H13: Jason Oliver | I13: Jason Oliver | J13: Jason Oliver | K13: Oliver, Jason | L13: =IFERROR(VLOOKUP(Master_Roster[[#This Row],[Offical ID]],'Online Roster'!L$3:M$112,2,FALSE),"") -> CB | M13: {=IFERROR(_xlfn.IFS(OR(Master_Roster[[#This Row],[Position]]="OL",Master_Roster[[#This Row],[Position]]="DL"),"Bigs",OR(Master_Roster[[#This Row],[Position]]="ILB",Master_Roster[[#This Row],[Position]]="OLB",Master_Roster[[#This Row],[Position]]="TE",Master_Roster[[#This Row],[Position]]="QB",Master_Roster[[#This Row],[Position]]="RB",Master_Roster[[#This Row],[Position]]="FB"),"Mids",OR(Master_Roster[[#This Row],[Position]]="WR",Master_Roster[[#This Row],[Position]]="CB",Master_Roster[[#This Row],[Position]]="S"),"Skills",OR(Master_Roster[[#This Row],[Position]]="K",Master_Roster[[#This Row],[Position]]="P",Master_Roster[[#This Row],[Position]]="LS",),"Spec"),"")} -> Skills | N13: =Master_Roster[[#This Row],[Offical ID]] -> Oliver_Jason_25 | O13: Rotation
A14: Active | B14: Jordan Jefferson | C14: Jordan Jefferson | D14: Jefferson_Jordan_25 | E14: =CONCATENATE(Master_Roster[[#This Row],[Last Name]],", ",MID(Master_Roster[[#This Row],[First Name]],1,2)) -> Jefferson, Jo | F14: Jordan | G14: Jefferson | H14: Jordan Jefferson | I14: Jordan Jefferson | J14: Jordan Jefferson | K14: Jefferson, Jordan | L14: =IFERROR(VLOOKUP(Master_Roster[[#This Row],[Offical ID]],'Online Roster'!L$3:M$112,2,FALSE),"") -> DL | M14: {=IFERROR(_xlfn.IFS(OR(Master_Roster[[#This Row],[Position]]="OL",Master_Roster[[#This Row],[Position]]="DL"),"Bigs",OR(Master_Roster[[#This Row],[Position]]="ILB",Master_Roster[[#This Row],[Position]]="OLB",Master_Roster[[#This Row],[Position]]="TE",Master_Roster[[#This Row],[Position]]="QB",Master_Roster[[#This Row],[Position]]="RB",Master_Roster[[#This Row],[Position]]="FB"),"Mids",OR(Master_Roster[[#This Row],[Position]]="WR",Master_Roster[[#This Row],[Position]]="CB",Master_Roster[[#This Row],[Position]]="S"),"Skills",OR(Master_Roster[[#This Row],[Position]]="K",Master_Roster[[#This Row],[Position]]="P",Master_Roster[[#This Row],[Position]]="LS",),"Spec"),"")} -> Bigs | N14: =Master_Roster[[#This Row],[Offical ID]] -> Jefferson_Jordan_25 | O14: Back-Up
A15: Active | B15: Malachi Kindle | C15: Malachi Kindle | D15: Kindle_Malachi_25 | E15: =CONCATENATE(Master_Roster[[#This Row],[Last Name]],", ",MID(Master_Roster[[#This Row],[First Name]],1,2)) -> Kindle, Ma | F15: Malachi | G15: Kindle | H15: Malachi Kindle | I15: Malachi Kindle | J15: =Master_Roster[[#This Row],[Simple Name]] -> Malachi Kindle | K15: Kindle, Malachi | L15: =IFERROR(VLOOKUP(Master_Roster[[#This Row],[Offical ID]],'Online Roster'!L$3:M$112,2,FALSE),"") -> DL | M15: {=IFERROR(_xlfn.IFS(OR(Master_Roster[[#This Row],[Position]]="OL",Master_Roster[[#This Row],[Position]]="DL"),"Bigs",OR(Master_Roster[[#This Row],[Position]]="ILB",Master_Roster[[#This Row],[Position]]="OLB",Master_Roster[[#This Row],[Position]]="TE",Master_Roster[[#This Row],[Position]]="QB",Master_Roster[[#This Row],[Position]]="RB",Master_Roster[[#This Row],[Position]]="FB"),"Mids",OR(Master_Roster[[#This Row],[Position]]="WR",Master_Roster[[#This Row],[Position]]="CB",Master_Roster[[#This Row],[Position]]="S"),"Skills",OR(Master_Roster[[#This Row],[Position]]="K",Master_Roster[[#This Row],[Position]]="P",Master_Roster[[#This Row],[Position]]="LS",),"Spec"),"")} -> Bigs | N15: =Master_Roster[[#This Row],[Offical ID]] -> Kindle_Malachi_25 | O15: Back-Up
A16: Active | B16: Brodie Tagaloa | C16: Brodie Tagaloa | D16: Tagaloa_Brodie_25 | E16: =CONCATENATE(Master_Roster[[#This Row],[Last Name]],", ",MID(Master_Roster[[#This Row],[First Name]],1,2)) -> Tagaloa, Br | F16: Brodie | G16: Tagaloa | H16: Brodie Tagaloa | I16: Brodie Tagaloa | J16: Brodie Tagaloa | K16: Tagaloa, Brodie | L16: =IFERROR(VLOOKUP(Master_Roster[[#This Row],[Offical ID]],'Online Roster'!L$3:M$112,2,FALSE),"") -> DL | M16: {=IFERROR(_xlfn.IFS(OR(Master_Roster[[#This Row],[Position]]="OL",Master_Roster[[#This Row],[Position]]="DL"),"Bigs",OR(Master_Roster[[#This Row],[Position]]="ILB",Master_Roster[[#This Row],[Position]]="OLB",Master_Roster[[#This Row],[Position]]="TE",Master_Roster[[#This Row],[Position]]="QB",Master_Roster[[#This Row],[Position]]="RB",Master_Roster[[#This Row],[Position]]="FB"),"Mids",OR(Master_Roster[[#This Row],[Position]]="WR",Master_Roster[[#This Row],[Position]]="CB",Master_Roster[[#This Row],[Position]]="S"),"Skills",OR(Master_Roster[[#This Row],[Position]]="K",Master_Roster[[#This Row],[Position]]="P",Master_Roster[[#This Row],[Position]]="LS",),"Spec"),"")} -> Bigs | N16: =Master_Roster[[#This Row],[Offical ID]] -> Tagaloa_Brodie_25 | O16: Back-Up
A17: Active | B17: Malik Tullis | C17: Malik Tullis | D17: Tullis_Malik_25 | E17: =CONCATENATE(Master_Roster[[#This Row],[Last Name]],", ",MID(Master_Roster[[#This Row],[First Name]],1,2)) -> Tullis, Ma | F17: Malik | G17: Tullis | H17: Malik Tullis | I17: Malik Tullis | J17: Malik Tullis | K17: Tullis, Malik | L17: =IFERROR(VLOOKUP(Master_Roster[[#This Row],[Offical ID]],'Online Roster'!L$3:M$112,2,FALSE),"") -> DL | M17: {=IFERROR(_xlfn.IFS(OR(Master_Roster[[#This Row],[Position]]="OL",Master_Roster[[#This Row],[Position]]="DL"),"Bigs",OR(Master_Roster[[#This Row],[Position]]="ILB",Master_Roster[[#This Row],[Position]]="OLB",Master_Roster[[#This Row],[Position]]="TE",Master_Roster[[#This Row],[Position]]="QB",Master_Roster[[#This Row],[Position]]="RB",Master_Roster[[#This Row],[Position]]="FB"),"Mids",OR(Master_Roster[[#This Row],[Position]]="WR",Master_Roster[[#This Row],[Position]]="CB",Master_Roster[[#This Row],[Position]]="S"),"Skills",OR(Master_Roster[[#This Row],[Position]]="K",Master_Roster[[#This Row],[Position]]="P",Master_Roster[[#This Row],[Position]]="LS",),"Spec"),"")} -> Bigs | N17: =Master_Roster[[#This Row],[Offical ID]] -> Tullis_Malik_25 | O17: Back-Up
A18: Active | B18: James Gillespie | C18: James Gillespie | D18: Gillespie_James_25 | E18: =CONCATENATE(Master_Roster[[#This Row],[Last Name]],", ",MID(Master_Roster[[#This Row],[First Name]],1,2)) -> Gillespie, Ja | F18: James | G18: Gillespie | H18: James Gillespie | I18: James Gillespie | J18: James Gillespie | K18: Gillespie, James | L18: =IFERROR(VLOOKUP(Master_Roster[[#This Row],[Offical ID]],'Online Roster'!L$3:M$112,2,FALSE),"") -> DL | M18: {=IFERROR(_xlfn.IFS(OR(Master_Roster[[#This Row],[Position]]="OL",Master_Roster[[#This Row],[Position]]="DL"),"Bigs",OR(Master_Roster[[#This Row],[Position]]="ILB",Master_Roster[[#This Row],[Position]]="OLB",Master_Roster[[#This Row],[Position]]="TE",Master_Roster[[#This Row],[Position]]="QB",Master_Roster[[#This Row],[Position]]="RB",Master_Roster[[#This Row],[Position]]="FB"),"Mids",OR(Master_Roster[[#This Row],[Position]]="WR",Master_Roster[[#This Row],[Position]]="CB",Master_Roster[[#This Row],[Position]]="S"),"Skills",OR(Master_Roster[[#This Row],[Position]]="K",Master_Roster[[#This Row],[Position]]="P",Master_Roster[[#This Row],[Position]]="LS",),"Spec"),"")} -> Bigs | N18: =Master_Roster[[#This Row],[Offical ID]] -> Gillespie_James_25 | O18: Rotation
A19: Active | B19: Syncere Massey | C19: Syncere Massey | D19: Massey_Syncere_25 | E19: =CONCATENATE(Master_Roster[[#This Row],[Last Name]],", ",MID(Master_Roster[[#This Row],[First Name]],1,2)) -> Massey, Sy | F19: Syncere | G19: Massey | H19: Syncere Massey | I19: Syncere Massey | J19: Syncere Massey | K19: Massey, Syncere | L19: =IFERROR(VLOOKUP(Master_Roster[[#This Row],[Offical ID]],'Online Roster'!L$3:M$112,2,FALSE),"") -> DL | M19: {=IFERROR(_xlfn.IFS(OR(Master_Roster[[#This Row],[Position]]="OL",Master_Roster[[#This Row],[Position]]="DL"),"Bigs",OR(Master_Roster[[#This Row],[Position]]="ILB",Master_Roster[[#This Row],[Position]]="OLB",Master_Roster[[#This Row],[Position]]="TE",Master_Roster[[#This Row],[Position]]="QB",Master_Roster[[#This Row],[Position]]="RB",Master_Roster[[#This Row],[Position]]="FB"),"Mids",OR(Master_Roster[[#This Row],[Position]]="WR",Master_Roster[[#This Row],[Position]]="CB",Master_Roster[[#This Row],[Position]]="S"),"Skills",OR(Master_Roster[[#This Row],[Position]]="K",Master_Roster[[#This Row],[Position]]="P",Master_Roster[[#This Row],[Position]]="LS",),"Spec"),"")} -> Bigs | N19: =Master_Roster[[#This Row],[Offical ID]] -> Massey_Syncere_25 | O19: Rotation
A20: Active | B20: Melvin Swindle II | C20: Melvin Swindle | D20: Swindle_Melvin_25 | E20: =CONCATENATE(Master_Roster[[#This Row],[Last Name]],", ",MID(Master_Roster[[#This Row],[First Name]],1,2)) -> Swindle, Me | F20: Melvin | G20: Swindle | H20: Melvin Swindle | I20: Melvin Swindle | J20: Melvin Swindle | K20: Swindle, Melvin | L20: =IFERROR(VLOOKUP(Master_Roster[[#This Row],[Offical ID]],'Online Roster'!L$3:M$112,2,FALSE),"") -> DL | M20: {=IFERROR(_xlfn.IFS(OR(Master_Roster[[#This Row],[Position]]="OL",Master_Roster[[#This Row],[Position]]="DL"),"Bigs",OR(Master_Roster[[#This Row],[Position]]="ILB",Master_Roster[[#This Row],[Position]]="OLB",Master_Roster[[#This Row],[Position]]="TE",Master_Roster[[#This Row],[Position]]="QB",Master_Roster[[#This Row],[Position]]="RB",Master_Roster[[#This Row],[Position]]="FB"),"Mids",OR(Master_Roster[[#This Row],[Position]]="WR",Master_Roster[[#This Row],[Position]]="CB",Master_Roster[[#This Row],[Position]]="S"),"Skills",OR(Master_Roster[[#This Row],[Position]]="K",Master_Roster[[#This Row],[Position]]="P",Master_Roster[[#This Row],[Position]]="LS",),"Spec"),"")} -> Bigs | N20: =Master_Roster[[#This Row],[Offical ID]] -> Swindle_Melvin_25 | O20: Starter
A21: Active | B21: Miles Bailey | C21: Miles Bailey | D21: Bailey_Miles_25 | E21: =CONCATENATE(Master_Roster[[#This Row],[Last Name]],", ",MID(Master_Roster[[#This Row],[First Name]],1,2)) -> Bailey, Mi | F21: Miles | G21: Bailey | H21: Miles Bailey | I21: Miles Bailey | J21: Miles Bailey | K21: Bailey, Miles | L21: =IFERROR(VLOOKUP(Master_Roster[[#This Row],[Offical ID]],'Online Roster'!L$3:M$112,2,FALSE),"") -> DL | M21: {=IFERROR(_xlfn.IFS(OR(Master_Roster[[#This Row],[Position]]="OL",Master_Roster[[#This Row],[Position]]="DL"),"Bigs",OR(Master_Roster[[#This Row],[Position]]="ILB",Master_Roster[[#This Row],[Position]]="OLB",Master_Roster[[#This Row],[Position]]="TE",Master_Roster[[#This Row],[Position]]="QB",Master_Roster[[#This Row],[Position]]="RB",Master_Roster[[#This Row],[Position]]="FB"),"Mids",OR(Master_Roster[[#This Row],[Position]]="WR",Master_Roster[[#This Row],[Position]]="CB",Master_Roster[[#This Row],[Position]]="S"),"Skills",OR(Master_Roster[[#This Row],[Position]]="K",Master_Roster[[#This Row],[Position]]="P",Master_Roster[[#This Row],[Position]]="LS",),"Spec"),"")} -> Bigs | N21: =Master_Roster[[#This Row],[Offical ID]] -> Bailey_Miles_25 | O21: Starter
A22: Active | B22: Jayland McGlothen | C22: Jayland McGlothen | D22: McGlothen_Jayland_25 | E22: =CONCATENATE(Master_Roster[[#This Row],[Last Name]],", ",MID(Master_Roster[[#This Row],[First Name]],1,2)) -> McGlothen, Ja | F22: Jayland | G22: McGlothen | H22: Jayland McGlothen | I22: Jayland McGlothen | J22: Jayland McGlothen | K22: McGlothen, Jayland | L22: =IFERROR(VLOOKUP(Master_Roster[[#This Row],[Offical ID]],'Online Roster'!L$3:M$112,2,FALSE),"") -> DL | M22: {=IFERROR(_xlfn.IFS(OR(Master_Roster[[#This Row],[Position]]="OL",Master_Roster[[#This Row],[Position]]="DL"),"Bigs",OR(Master_Roster[[#This Row],[Position]]="ILB",Master_Roster[[#This Row],[Position]]="OLB",Master_Roster[[#This Row],[Position]]="TE",Master_Roster[[#This Row],[Position]]="QB",Master_Roster[[#This Row],[Position]]="RB",Master_Roster[[#This Row],[Position]]="FB"),"Mids",OR(Master_Roster[[#This Row],[Position]]="WR",Master_Roster[[#This Row],[Position]]="CB",Master_Roster[[#This Row],[Position]]="S"),"Skills",OR(Master_Roster[[#This Row],[Position]]="K",Master_Roster[[#This Row],[Position]]="P",Master_Roster[[#This Row],[Position]]="LS",),"Spec"),"")} -> Bigs | N22: =Master_Roster[[#This Row],[Offical ID]] -> McGlothen_Jayland_25 | O22: Starter
A23: Active | B23: DeSean Watts | C23: DeSean Watts | D23: Watts_DeSean_25 | E23: =CONCATENATE(Master_Roster[[#This Row],[Last Name]],", ",MID(Master_Roster[[#This Row],[First Name]],1,2)) -> Watts, De | F23: DeSean | G23: Watts | H23: DeSean Watts | I23: DeSean Watts | J23: DeSean Watts | K23: Watts, Desean | L23: =IFERROR(VLOOKUP(Master_Roster[[#This Row],[Offical ID]],'Online Roster'!L$3:M$112,2,FALSE),"") -> DL | M23: {=IFERROR(_xlfn.IFS(OR(Master_Roster[[#This Row],[Position]]="OL",Master_Roster[[#This Row],[Position]]="DL"),"Bigs",OR(Master_Roster[[#This Row],[Position]]="ILB",Master_Roster[[#This Row],[Position]]="OLB",Master_Roster[[#This Row],[Position]]="TE",Master_Roster[[#This Row],[Position]]="QB",Master_Roster[[#This Row],[Position]]="RB",Master_Roster[[#This Row],[Position]]="FB"),"Mids",OR(Master_Roster[[#This Row],[Position]]="WR",Master_Roster[[#This Row],[Position]]="CB",Master_Roster[[#This Row],[Position]]="S"),"Skills",OR(Master_Roster[[#This Row],[Position]]="K",Master_Roster[[#This Row],[Position]]="P",Master_Roster[[#This Row],[Position]]="LS",),"Spec"),"")} -> Bigs | N23: =Master_Roster[[#This Row],[Offical ID]] -> Watts_DeSean_25 | O23: Starter
A24: Active | B24: Xavier Williams | C24: Xavier Williams | D24: Williams_Xavier_25 | E24: =CONCATENATE(Master_Roster[[#This Row],[Last Name]],", ",MID(Master_Roster[[#This Row],[First Name]],1,2)) -> Williams, Xa | F24: Xavier | G24: Williams | H24: Xavier Williams | I24: Xavier Williams | J24: Xavier Williams | K24: Williams, Xavier | L24: =IFERROR(VLOOKUP(Master_Roster[[#This Row],[Offical ID]],'Online Roster'!L$3:M$112,2,FALSE),"") -> DL | M24: {=IFERROR(_xlfn.IFS(OR(Master_Roster[[#This Row],[Position]]="OL",Master_Roster[[#This Row],[Position]]="DL"),"Bigs",OR(Master_Roster[[#This Row],[Position]]="ILB",Master_Roster[[#This Row],[Position]]="OLB",Master_Roster[[#This Row],[Position]]="TE",Master_Roster[[#This Row],[Position]]="QB",Master_Roster[[#This Row],[Position]]="RB",Master_Roster[[#This Row],[Position]]="FB"),"Mids",OR(Master_Roster[[#This Row],[Position]]="WR",Master_Roster[[#This Row],[Position]]="CB",Master_Roster[[#This Row],[Position]]="S"),"Skills",OR(Master_Roster[[#This Row],[Position]]="K",Master_Roster[[#This Row],[Position]]="P",Master_Roster[[#This Row],[Position]]="LS",),"Spec"),"")} -> Bigs | N24: =Master_Roster[[#This Row],[Offical ID]] -> Williams_Xavier_25 | O24: Starter
A25: Active | B25: Sammy Norris | C25: Sammy Norris | D25: Norris_Sammy_25 | E25: =CONCATENATE(Master_Roster[[#This Row],[Last Name]],", ",MID(Master_Roster[[#This Row],[First Name]],1,2)) -> Norris, Sa | F25: Sammy | G25: Norris | H25: Sammy Norris | I25: Sammy Norris | J25: Sammy Norris | K25: Norris, Sammy | L25: =IFERROR(VLOOKUP(Master_Roster[[#This Row],[Offical ID]],'Online Roster'!L$3:M$112,2,FALSE),"") -> FB | M25: {=IFERROR(_xlfn.IFS(OR(Master_Roster[[#This Row],[Position]]="OL",Master_Roster[[#This Row],[Position]]="DL"),"Bigs",OR(Master_Roster[[#This Row],[Position]]="ILB",Master_Roster[[#This Row],[Position]]="OLB",Master_Roster[[#This Row],[Position]]="TE",Master_Roster[[#This Row],[Position]]="QB",Master_Roster[[#This Row],[Position]]="RB",Master_Roster[[#This Row],[Position]]="FB"),"Mids",OR(Master_Roster[[#This Row],[Position]]="WR",Master_Roster[[#This Row],[Position]]="CB",Master_Roster[[#This Row],[Position]]="S"),"Skills",OR(Master_Roster[[#This Row],[Position]]="K",Master_Roster[[#This Row],[Position]]="P",Master_Roster[[#This Row],[Position]]="LS",),"Spec"),"")} -> Mids | N25: =Master_Roster[[#This Row],[Offical ID]] -> Norris_Sammy_25 | O25: Rotation
A26: Active | B26: Luke Slater | C26: Luke Slater | D26: Slater_Luke_25 | E26: =CONCATENATE(Master_Roster[[#This Row],[Last Name]],", ",MID(Master_Roster[[#This Row],[First Name]],1,2)) -> Slater, Lu | F26: Luke | G26: Slater | H26: Luke Slater | I26: Luke Slater | J26: Luke Slater | K26: Slater, Luke | L26: FB | M26: {=IFERROR(_xlfn.IFS(OR(Master_Roster[[#This Row],[Position]]="OL",Master_Roster[[#This Row],[Position]]="DL"),"Bigs",OR(Master_Roster[[#This Row],[Position]]="ILB",Master_Roster[[#This Row],[Position]]="OLB",Master_Roster[[#This Row],[Position]]="TE",Master_Roster[[#This Row],[Position]]="QB",Master_Roster[[#This Row],[Position]]="RB",Master_Roster[[#This Row],[Position]]="FB"),"Mids",OR(Master_Roster[[#This Row],[Position]]="WR",Master_Roster[[#This Row],[Position]]="CB",Master_Roster[[#This Row],[Position]]="S"),"Skills",OR(Master_Roster[[#This Row],[Position]]="K",Master_Roster[[#This Row],[Position]]="P",Master_Roster[[#This Row],[Position]]="LS",),"Spec"),"")} -> Mids | N26: =Master_Roster[[#This Row],[Offical ID]] -> Slater_Luke_25 | O26: Rotation
A27: Active | B27: Hunter Boeddeker | C27: Hunter Boeddeker | D27: Boeddeker_Hunter_25 | E27: =CONCATENATE(Master_Roster[[#This Row],[Last Name]],", ",MID(Master_Roster[[#This Row],[First Name]],1,2)) -> Boeddeker, Hu | F27: Hunter | G27: Boeddeker | H27: Hunter Boeddeker | I27: Hunter Boeddeker | J27: Hunter Boeddeker | K27: Boeddeker, Hunter | L27: ILB | M27: {=IFERROR(_xlfn.IFS(OR(Master_Roster[[#This Row],[Position]]="OL",Master_Roster[[#This Row],[Position]]="DL"),"Bigs",OR(Master_Roster[[#This Row],[Position]]="ILB",Master_Roster[[#This Row],[Position]]="OLB",Master_Roster[[#This Row],[Position]]="TE",Master_Roster[[#This Row],[Position]]="QB",Master_Roster[[#This Row],[Position]]="RB",Master_Roster[[#This Row],[Position]]="FB"),"Mids",OR(Master_Roster[[#This Row],[Position]]="WR",Master_Roster[[#This Row],[Position]]="CB",Master_Roster[[#This Row],[Position]]="S"),"Skills",OR(Master_Roster[[#This Row],[Position]]="K",Master_Roster[[#This Row],[Position]]="P",Master_Roster[[#This Row],[Position]]="LS",),"Spec"),"")} -> Mids | N27: =Master_Roster[[#This Row],[Offical ID]] -> Boeddeker_Hunter_25 | O27: Back-Up
A28: Active | B28: Jackson Cahoon | C28: Jackson Cahoon | D28: Cahoon_Jackson_25 | E28: =CONCATENATE(Master_Roster[[#This Row],[Last Name]],", ",MID(Master_Roster[[#This Row],[First Name]],1,2)) -> Cahoon, Ja | F28: Jackson | G28: Cahoon | H28: Jackson Cahoon | I28: Jackson Cahoon | J28: =Master_Roster[[#This Row],[Simple Name]] -> Jackson Cahoon | K28: Cahoon, Jackson | L28: =IFERROR(VLOOKUP(Master_Roster[[#This Row],[Offical ID]],'Online Roster'!L$3:M$112,2,FALSE),"") -> ILB | M28: {=IFERROR(_xlfn.IFS(OR(Master_Roster[[#This Row],[Position]]="OL",Master_Roster[[#This Row],[Position]]="DL"),"Bigs",OR(Master_Roster[[#This Row],[Position]]="ILB",Master_Roster[[#This Row],[Position]]="OLB",Master_Roster[[#This Row],[Position]]="TE",Master_Roster[[#This Row],[Position]]="QB",Master_Roster[[#This Row],[Position]]="RB",Master_Roster[[#This Row],[Position]]="FB"),"Mids",OR(Master_Roster[[#This Row],[Position]]="WR",Master_Roster[[#This Row],[Position]]="CB",Master_Roster[[#This Row],[Position]]="S"),"Skills",OR(Master_Roster[[#This Row],[Position]]="K",Master_Roster[[#This Row],[Position]]="P",Master_Roster[[#This Row],[Position]]="LS",),"Spec"),"")} -> Mids | N28: =Master_Roster[[#This Row],[Offical ID]] -> Cahoon_Jackson_25 | O28: Back-Up
A29: Active | B29: Mike Taylor | C29: Mike Taylor | D29: Taylor_Mike_25 | E29: =CONCATENATE(Master_Roster[[#This Row],[Last Name]],", ",MID(Master_Roster[[#This Row],[First Name]],1,2)) -> Taylor, Mi | F29: Mike | G29: Taylor | H29: Mike Taylor | I29: Mike Taylor | J29: =Master_Roster[[#This Row],[Simple Name]] -> Mike Taylor | K29: Taylor, Mike | L29: =IFERROR(VLOOKUP(Master_Roster[[#This Row],[Offical ID]],'Online Roster'!L$3:M$112,2,FALSE),"") -> ILB | M29: {=IFERROR(_xlfn.IFS(OR(Master_Roster[[#This Row],[Position]]="OL",Master_Roster[[#This Row],[Position]]="DL"),"Bigs",OR(Master_Roster[[#This Row],[Position]]="ILB",Master_Roster[[#This Row],[Position]]="OLB",Master_Roster[[#This Row],[Position]]="TE",Master_Roster[[#This Row],[Position]]="QB",Master_Roster[[#This Row],[Position]]="RB",Master_Roster[[#This Row],[Position]]="FB"),"Mids",OR(Master_Roster[[#This Row],[Position]]="WR",Master_Roster[[#This Row],[Position]]="CB",Master_Roster[[#This Row],[Position]]="S"),"Skills",OR(Master_Roster[[#This Row],[Position]]="K",Master_Roster[[#This Row],[Position]]="P",Master_Roster[[#This Row],[Position]]="LS",),"Spec"),"")} -> Mids | N29: =Master_Roster[[#This Row],[Offical ID]] -> Taylor_Mike_25 | O29: Back-Up
A30: Active | B30: Matthew Eskridge II | C30: Matthew Eskridge | D30: Eskridge_Matthew_25 | E30: =CONCATENATE(Master_Roster[[#This Row],[Last Name]],", ",MID(Master_Roster[[#This Row],[First Name]],1,2)) -> Eskridge, Ma | F30: Matthew | G30: Eskridge | H30: Matthew Eskridge | I30: Matthew Eskridge | J30: Matthew Eskridge | K30: Eskridge, Matthew | L30: =IFERROR(VLOOKUP(Master_Roster[[#This Row],[Offical ID]],'Online Roster'!L$3:M$112,2,FALSE),"") -> ILB | M30: {=IFERROR(_xlfn.IFS(OR(Master_Roster[[#This Row],[Position]]="OL",Master_Roster[[#This Row],[Position]]="DL"),"Bigs",OR(Master_Roster[[#This Row],[Position]]="ILB",Master_Roster[[#This Row],[Position]]="OLB",Master_Roster[[#This Row],[Position]]="TE",Master_Roster[[#This Row],[Position]]="QB",Master_Roster[[#This Row],[Position]]="RB",Master_Roster[[#This Row],[Position]]="FB"),"Mids",OR(Master_Roster[[#This Row],[Position]]="WR",Master_Roster[[#This Row],[Position]]="CB",Master_Roster[[#This Row],[Position]]="S"),"Skills",OR(Master_Roster[[#This Row],[Position]]="K",Master_Roster[[#This Row],[Position]]="P",Master_Roster[[#This Row],[Position]]="LS",),"Spec"),"")} -> Mids | N30: =Master_Roster[[#This Row],[Offical ID]] -> Eskridge_Matthew_25 | O30: Back-Up
A31: Active | B31: KJ Jefferson | C31: KJ Jefferson | D31: Jefferson_KJ_25 | E31: =CONCATENATE(Master_Roster[[#This Row],[Last Name]],", ",MID(Master_Roster[[#This Row],[First Name]],1,2)) -> Jefferson, KJ | F31: KJ | G31: Jefferson | H31: KJ Jefferson | I31: KJ Jefferson | J31: =Master_Roster[[#This Row],[Simple Name]] -> KJ Jefferson | K31: Jefferson, Karvon | L31: ILB | M31: Mids | N31: =Master_Roster[[#This Row],[Offical ID]] -> Jefferson_KJ_25 | O31: Back-Up
A32: Active | B32: Jekob Jones | C32: Jekob Jones | D32: Jones_Jekob_25 | E32: =CONCATENATE(Master_Roster[[#This Row],[Last Name]],", ",MID(Master_Roster[[#This Row],[First Name]],1,2)) -> Jones, Je | F32: Jekob | G32: Jones | H32: Jekob Jones | I32: Jekob Jones | J32: =Master_Roster[[#This Row],[Simple Name]] -> Jekob Jones | K32: Jones, Jekob | L32: =IFERROR(VLOOKUP(Master_Roster[[#This Row],[Offical ID]],'Online Roster'!L$3:M$112,2,FALSE),"") -> ILB | M32: {=IFERROR(_xlfn.IFS(OR(Master_Roster[[#This Row],[Position]]="OL",Master_Roster[[#This Row],[Position]]="DL"),"Bigs",OR(Master_Roster[[#This Row],[Position]]="ILB",Master_Roster[[#This Row],[Position]]="OLB",Master_Roster[[#This Row],[Position]]="TE",Master_Roster[[#This Row],[Position]]="QB",Master_Roster[[#This Row],[Position]]="RB",Master_Roster[[#This Row],[Position]]="FB"),"Mids",OR(Master_Roster[[#This Row],[Position]]="WR",Master_Roster[[#This Row],[Position]]="CB",Master_Roster[[#This Row],[Position]]="S"),"Skills",OR(Master_Roster[[#This Row],[Position]]="K",Master_Roster[[#This Row],[Position]]="P",Master_Roster[[#This Row],[Position]]="LS",),"Spec"),"")} -> Mids | N32: =Master_Roster[[#This Row],[Offical ID]] -> Jones_Jekob_25 | O32: Back-Up
A33: Active | B33: Alex Rocha | C33: Alex Rocha | D33: Rocha_Alex_25 | E33: =CONCATENATE(Master_Roster[[#This Row],[Last Name]],", ",MID(Master_Roster[[#This Row],[First Name]],1,2)) -> Rocha, Al | F33: Alex | G33: Rocha | H33: Alex Rocha | I33: Alex Rocha | J33: Alex Rocha | K33: Rocha, Alex | L33: =IFERROR(VLOOKUP(Master_Roster[[#This Row],[Offical ID]],'Online Roster'!L$3:M$112,2,FALSE),"") -> ILB | M33: {=IFERROR(_xlfn.IFS(OR(Master_Roster[[#This Row],[Position]]="OL",Master_Roster[[#This Row],[Position]]="DL"),"Bigs",OR(Master_Roster[[#This Row],[Position]]="ILB",Master_Roster[[#This Row],[Position]]="OLB",Master_Roster[[#This Row],[Position]]="TE",Master_Roster[[#This Row],[Position]]="QB",Master_Roster[[#This Row],[Position]]="RB",Master_Roster[[#This Row],[Position]]="FB"),"Mids",OR(Master_Roster[[#This Row],[Position]]="WR",Master_Roster[[#This Row],[Position]]="CB",Master_Roster[[#This Row],[Position]]="S"),"Skills",OR(Master_Roster[[#This Row],[Position]]="K",Master_Roster[[#This Row],[Position]]="P",Master_Roster[[#This Row],[Position]]="LS",),"Spec"),"")} -> Mids | N33: =Master_Roster[[#This Row],[Offical ID]] -> Rocha_Alex_25 | O33: Back-Up
A34: Active | B34: Max Susini | C34: Max Susini | D34: Susini_Max_25 | E34: =CONCATENATE(Master_Roster[[#This Row],[Last Name]],", ",MID(Master_Roster[[#This Row],[First Name]],1,2)) -> Susini, Ma | F34: Max | G34: Susini | H34: Max Susini | I34: Max Susini | J34: Max Susini | K34: =CONCATENATE(Master_Roster[[#This Row],[Last Name]],", ",Master_Roster[[#This Row],[First Name]]) -> Susini, Max | L34: ILB | M34: Mids | N34: =Master_Roster[[#This Row],[Offical ID]] -> Susini_Max_25 | O34: Back-Up
A35: Active | B35: Oscar Moore | C35: Oscar Moore | D35: Moore_Oscar_25 | E35: =CONCATENATE(Master_Roster[[#This Row],[Last Name]],", ",MID(Master_Roster[[#This Row],[First Name]],1,2)) -> Moore, Os | F35: Oscar | G35: Moore | H35: Oscar Moore | I35: Oscar Moore | J35: Oscar Moore | K35: Moore, Oscar | L35: ILB | M35: {=IFERROR(_xlfn.IFS(OR(Master_Roster[[#This Row],[Position]]="OL",Master_Roster[[#This Row],[Position]]="DL"),"Bigs",OR(Master_Roster[[#This Row],[Position]]="ILB",Master_Roster[[#This Row],[Position]]="OLB",Master_Roster[[#This Row],[Position]]="TE",Master_Roster[[#This Row],[Position]]="QB",Master_Roster[[#This Row],[Position]]="RB",Master_Roster[[#This Row],[Position]]="FB"),"Mids",OR(Master_Roster[[#This Row],[Position]]="WR",Master_Roster[[#This Row],[Position]]="CB",Master_Roster[[#This Row],[Position]]="S"),"Skills",OR(Master_Roster[[#This Row],[Position]]="K",Master_Roster[[#This Row],[Position]]="P",Master_Roster[[#This Row],[Position]]="LS",),"Spec"),"")} -> Mids | N35: =Master_Roster[[#This Row],[Offical ID]] -> Moore_Oscar_25 | O35: Rotation
A36: Active | B36: Diego Davis | C36: Diego Davis | D36: Davis_Diego_25 | E36: =CONCATENATE(Master_Roster[[#This Row],[Last Name]],", ",MID(Master_Roster[[#This Row],[First Name]],1,2)) -> Davis, Di | F36: Diego | G36: Davis | H36: Diego Davis | I36: Diego Davis | J36: Diego Davis | K36: Davis, Diego | L36: =IFERROR(VLOOKUP(Master_Roster[[#This Row],[Offical ID]],'Online Roster'!L$3:M$112,2,FALSE),"") -> ILB | M36: {=IFERROR(_xlfn.IFS(OR(Master_Roster[[#This Row],[Position]]="OL",Master_Roster[[#This Row],[Position]]="DL"),"Bigs",OR(Master_Roster[[#This Row],[Position]]="ILB",Master_Roster[[#This Row],[Position]]="OLB",Master_Roster[[#This Row],[Position]]="TE",Master_Roster[[#This Row],[Position]]="QB",Master_Roster[[#This Row],[Position]]="RB",Master_Roster[[#This Row],[Position]]="FB"),"Mids",OR(Master_Roster[[#This Row],[Position]]="WR",Master_Roster[[#This Row],[Position]]="CB",Master_Roster[[#This Row],[Position]]="S"),"Skills",OR(Master_Roster[[#This Row],[Position]]="K",Master_Roster[[#This Row],[Position]]="P",Master_Roster[[#This Row],[Position]]="LS",),"Spec"),"")} -> Mids | N36: =Master_Roster[[#This Row],[Offical ID]] -> Davis_Diego_25 | O36: Starter
A37: Active | B37: Derek Houston | C37: Derek Houston | D37: Houston_Derek_25 | E37: =CONCATENATE(Master_Roster[[#This Row],[Last Name]],", ",MID(Master_Roster[[#This Row],[First Name]],1,2)) -> Houston, De | F37: Derek | G37: Houston | H37: Derek Houston | I37: Derek Houston | J37: Derek Houston | K37: Houston, Derek | L37: =IFERROR(VLOOKUP(Master_Roster[[#This Row],[Offical ID]],'Online Roster'!L$3:M$112,2,FALSE),"") -> ILB | M37: {=IFERROR(_xlfn.IFS(OR(Master_Roster[[#This Row],[Position]]="OL",Master_Roster[[#This Row],[Position]]="DL"),"Bigs",OR(Master_Roster[[#This Row],[Position]]="ILB",Master_Roster[[#This Row],[Position]]="OLB",Master_Roster[[#This Row],[Position]]="TE",Master_Roster[[#This Row],[Position]]="QB",Master_Roster[[#This Row],[Position]]="RB",Master_Roster[[#This Row],[Position]]="FB"),"Mids",OR(Master_Roster[[#This Row],[Position]]="WR",Master_Roster[[#This Row],[Position]]="CB",Master_Roster[[#This Row],[Position]]="S"),"Skills",OR(Master_Roster[[#This Row],[Position]]="K",Master_Roster[[#This Row],[Position]]="P",Master_Roster[[#This Row],[Position]]="LS",),"Spec"),"")} -> Mids | N37: =Master_Roster[[#This Row],[Offical ID]] -> Houston_Derek_25 | O37: Starter
A38: Active | B38: Joseph Firebaugh | C38: Joseph Firebaugh | D38: Firebaugh_Joseph_25 | E38: =CONCATENATE(Master_Roster[[#This Row],[Last Name]],", ",MID(Master_Roster[[#This Row],[First Name]],1,2)) -> Firebaugh, Jo | F38: Joseph | G38: Firebaugh | H38: Joseph Firebaugh | I38: Joseph Firebaugh | J38: Joseph Firebaugh | K38: Firebaugh, Joseph | L38: =IFERROR(VLOOKUP(Master_Roster[[#This Row],[Offical ID]],'Online Roster'!L$3:M$112,2,FALSE),"") -> K | M38: {=IFERROR(_xlfn.IFS(OR(Master_Roster[[#This Row],[Position]]="OL",Master_Roster[[#This Row],[Position]]="DL"),"Bigs",OR(Master_Roster[[#This Row],[Position]]="ILB",Master_Roster[[#This Row],[Position]]="OLB",Master_Roster[[#This Row],[Position]]="TE",Master_Roster[[#This Row],[Position]]="QB",Master_Roster[[#This Row],[Position]]="RB",Master_Roster[[#This Row],[Position]]="FB"),"Mids",OR(Master_Roster[[#This Row],[Position]]="WR",Master_Roster[[#This Row],[Position]]="CB",Master_Roster[[#This Row],[Position]]="S"),"Skills",OR(Master_Roster[[#This Row],[Position]]="K",Master_Roster[[#This Row],[Position]]="P",Master_Roster[[#This Row],[Position]]="LS",),"Spec"),"")} -> Spec | N38: =Master_Roster[[#This Row],[Offical ID]] -> Firebaugh_Joseph_25 | O38: Back-Up
A39: Active | B39: Grant Meadors | C39: Grant Meadors | D39: Meadors_Grant_25 | E39: =CONCATENATE(Master_Roster[[#This Row],[Last Name]],", ",MID(Master_Roster[[#This Row],[First Name]],1,2)) -> Meadors, Gr | F39: Grant | G39: Meadors | H39: Grant Meadors | I39: Grant Meadors | J39: Grant Meadors | K39: Meadors, Grant | L39: =IFERROR(VLOOKUP(Master_Roster[[#This Row],[Offical ID]],'Online Roster'!L$3:M$112,2,FALSE),"") -> K | M39: {=IFERROR(_xlfn.IFS(OR(Master_Roster[[#This Row],[Position]]="OL",Master_Roster[[#This Row],[Position]]="DL"),"Bigs",OR(Master_Roster[[#This Row],[Position]]="ILB",Master_Roster[[#This Row],[Position]]="OLB",Master_Roster[[#This Row],[Position]]="TE",Master_Roster[[#This Row],[Position]]="QB",Master_Roster[[#This Row],[Position]]="RB",Master_Roster[[#This Row],[Position]]="FB"),"Mids",OR(Master_Roster[[#This Row],[Position]]="WR",Master_Roster[[#This Row],[Position]]="CB",Master_Roster[[#This Row],[Position]]="S"),"Skills",OR(Master_Roster[[#This Row],[Position]]="K",Master_Roster[[#This Row],[Position]]="P",Master_Roster[[#This Row],[Position]]="LS",),"Spec"),"")} -> Spec | N39: =Master_Roster[[#This Row],[Offical ID]] -> Meadors_Grant_25 | O39: Back-Up
A40: Active | B40: Hamish Adams | C40: Hamish Adams | D40: Adams_Hamish_25 | E40: =CONCATENATE(Master_Roster[[#This Row],[Last Name]],", ",MID(Master_Roster[[#This Row],[First Name]],1,2)) -> Adams, Ha | F40: Hamish | G40: Adams | H40: Hamish Adam’s | I40: Hamish Adams | J40: Hamish Adams | K40: =CONCATENATE(Master_Roster[[#This Row],[Last Name]],", ",Master_Roster[[#This Row],[First Name]]) -> Adams, Hamish | L40: K | M40: {=IFERROR(_xlfn.IFS(OR(Master_Roster[[#This Row],[Position]]="OL",Master_Roster[[#This Row],[Position]]="DL"),"Bigs",OR(Master_Roster[[#This Row],[Position]]="ILB",Master_Roster[[#This Row],[Position]]="OLB",Master_Roster[[#This Row],[Position]]="TE",Master_Roster[[#This Row],[Position]]="QB",Master_Roster[[#This Row],[Position]]="RB",Master_Roster[[#This Row],[Position]]="FB"),"Mids",OR(Master_Roster[[#This Row],[Position]]="WR",Master_Roster[[#This Row],[Position]]="CB",Master_Roster[[#This Row],[Position]]="S"),"Skills",OR(Master_Roster[[#This Row],[Position]]="K",Master_Roster[[#This Row],[Position]]="P",Master_Roster[[#This Row],[Position]]="LS",),"Spec"),"")} -> Spec | N40: =Master_Roster[[#This Row],[Offical ID]] -> Adams_Hamish_25 | O40: Back-Up
A41: Active | B41: Adam Johnston | C41: Adam Johnston | D41: Johnston_Adam_25 | E41: =CONCATENATE(Master_Roster[[#This Row],[Last Name]],", ",MID(Master_Roster[[#This Row],[First Name]],1,2)) -> Johnston, Ad | F41: Adam | G41: Johnston | H41: Adam Johnston | I41: Adam Johnston | J41: =Master_Roster[[#This Row],[Simple Name]] -> Adam Johnston | K41: Johnston, Adam | L41: =IFERROR(VLOOKUP(Master_Roster[[#This Row],[Offical ID]],'Online Roster'!L$3:M$112,2,FALSE),"") -> LS | M41: {=IFERROR(_xlfn.IFS(OR(Master_Roster[[#This Row],[Position]]="OL",Master_Roster[[#This Row],[Position]]="DL"),"Bigs",OR(Master_Roster[[#This Row],[Position]]="ILB",Master_Roster[[#This Row],[Position]]="OLB",Master_Roster[[#This Row],[Position]]="TE",Master_Roster[[#This Row],[Position]]="QB",Master_Roster[[#This Row],[Position]]="RB",Master_Roster[[#This Row],[Position]]="FB"),"Mids",OR(Master_Roster[[#This Row],[Position]]="WR",Master_Roster[[#This Row],[Position]]="CB",Master_Roster[[#This Row],[Position]]="S"),"Skills",OR(Master_Roster[[#This Row],[Position]]="K",Master_Roster[[#This Row],[Position]]="P",Master_Roster[[#This Row],[Position]]="LS",),"Spec"),"")} -> Spec | N41: =Master_Roster[[#This Row],[Offical ID]] -> Johnston_Adam_25 | O41: Back-Up
A42: Active | B42: Connor McDowell | C42: Connor McDowell | D42: McDowell_Connor_25 | E42: =CONCATENATE(Master_Roster[[#This Row],[Last Name]],", ",MID(Master_Roster[[#This Row],[First Name]],1,2)) -> McDowell, Co | F42: Connor | G42: McDowell | H42: Connor McDowell | I42: Connor McDowell | J42: =Master_Roster[[#This Row],[Simple Name]] -> Connor McDowell | K42: McDowell, Connor | L42: =IFERROR(VLOOKUP(Master_Roster[[#This Row],[Offical ID]],'Online Roster'!L$3:M$112,2,FALSE),"") -> LS | M42: {=IFERROR(_xlfn.IFS(OR(Master_Roster[[#This Row],[Position]]="OL",Master_Roster[[#This Row],[Position]]="DL"),"Bigs",OR(Master_Roster[[#This Row],[Position]]="ILB",Master_Roster[[#This Row],[Position]]="OLB",Master_Roster[[#This Row],[Position]]="TE",Master_Roster[[#This Row],[Position]]="QB",Master_Roster[[#This Row],[Position]]="RB",Master_Roster[[#This Row],[Position]]="FB"),"Mids",OR(Master_Roster[[#This Row],[Position]]="WR",Master_Roster[[#This Row],[Position]]="CB",Master_Roster[[#This Row],[Position]]="S"),"Skills",OR(Master_Roster[[#This Row],[Position]]="K",Master_Roster[[#This Row],[Position]]="P",Master_Roster[[#This Row],[Position]]="LS",),"Spec"),"")} -> Spec | N42: =Master_Roster[[#This Row],[Offical ID]] -> McDowell_Connor_25 | O42: Back-Up
A43: Active | B43: Giovanni Kovacs | C43: Giovanni Kovacs | D43: Kovacs_Giovanni_25 | E43: =CONCATENATE(Master_Roster[[#This Row],[Last Name]],", ",MID(Master_Roster[[#This Row],[First Name]],1,2)) -> Kovacs, Gi | F43: Giovanni | G43: Kovacs | H43: Giovanni Kovacs | I43: Giovanni Kovacs | J43: Giovanni Kovacs | K43: Kovacs, Gio | L43: =IFERROR(VLOOKUP(Master_Roster[[#This Row],[Offical ID]],'Online Roster'!L$3:M$112,2,FALSE),"") -> OL | M43: {=IFERROR(_xlfn.IFS(OR(Master_Roster[[#This Row],[Position]]="OL",Master_Roster[[#This Row],[Position]]="DL"),"Bigs",OR(Master_Roster[[#This Row],[Position]]="ILB",Master_Roster[[#This Row],[Position]]="OLB",Master_Roster[[#This Row],[Position]]="TE",Master_Roster[[#This Row],[Position]]="QB",Master_Roster[[#This Row],[Position]]="RB",Master_Roster[[#This Row],[Position]]="FB"),"Mids",OR(Master_Roster[[#This Row],[Position]]="WR",Master_Roster[[#This Row],[Position]]="CB",Master_Roster[[#This Row],[Position]]="S"),"Skills",OR(Master_Roster[[#This Row],[Position]]="K",Master_Roster[[#This Row],[Position]]="P",Master_Roster[[#This Row],[Position]]="LS",),"Spec"),"")} -> Bigs | N43: =Master_Roster[[#This Row],[Offical ID]] -> Kovacs_Giovanni_25 | O43: Back-Up
A44: Active | B44: Graysen Lee | C44: Graysen Lee | D44: Lee_Graysen_25 | E44: =CONCATENATE(Master_Roster[[#This Row],[Last Name]],", ",MID(Master_Roster[[#This Row],[First Name]],1,2)) -> Lee, Gr | F44: Graysen | G44: Lee | H44: Graysen Lee | I44: Graysen Lee | K44: Lee, Graysen | L44: =IFERROR(VLOOKUP(Master_Roster[[#This Row],[Offical ID]],'Online Roster'!L$3:M$112,2,FALSE),"") -> OL | M44: {=IFERROR(_xlfn.IFS(OR(Master_Roster[[#This Row],[Position]]="OL",Master_Roster[[#This Row],[Position]]="DL"),"Bigs",OR(Master_Roster[[#This Row],[Position]]="ILB",Master_Roster[[#This Row],[Position]]="OLB",Master_Roster[[#This Row],[Position]]="TE",Master_Roster[[#This Row],[Position]]="QB",Master_Roster[[#This Row],[Position]]="RB",Master_Roster[[#This Row],[Position]]="FB"),"Mids",OR(Master_Roster[[#This Row],[Position]]="WR",Master_Roster[[#This Row],[Position]]="CB",Master_Roster[[#This Row],[Position]]="S"),"Skills",OR(Master_Roster[[#This Row],[Position]]="K",Master_Roster[[#This Row],[Position]]="P",Master_Roster[[#This Row],[Position]]="LS",),"Spec"),"")} -> Bigs | N44: =Master_Roster[[#This Row],[Offical ID]] -> Lee_Graysen_25 | O44: Back-Up
A45: Active | B45: Davis May | C45: Davis May | D45: May_Davis_25 | E45: =CONCATENATE(Master_Roster[[#This Row],[Last Name]],", ",MID(Master_Roster[[#This Row],[First Name]],1,2)) -> May, Da | F45: Davis | G45: May | H45: Davis May | I45: Davis May | J45: Davis May | K45: May, Davis | L45: =IFERROR(VLOOKUP(Master_Roster[[#This Row],[Offical ID]],'Online Roster'!L$3:M$112,2,FALSE),"") -> OL | M45: {=IFERROR(_xlfn.IFS(OR(Master_Roster[[#This Row],[Position]]="OL",Master_Roster[[#This Row],[Position]]="DL"),"Bigs",OR(Master_Roster[[#This Row],[Position]]="ILB",Master_Roster[[#This Row],[Position]]="OLB",Master_Roster[[#This Row],[Position]]="TE",Master_Roster[[#This Row],[Position]]="QB",Master_Roster[[#This Row],[Position]]="RB",Master_Roster[[#This Row],[Position]]="FB"),"Mids",OR(Master_Roster[[#This Row],[Position]]="WR",Master_Roster[[#This Row],[Position]]="CB",Master_Roster[[#This Row],[Position]]="S"),"Skills",OR(Master_Roster[[#This Row],[Position]]="K",Master_Roster[[#This Row],[Position]]="P",Master_Roster[[#This Row],[Position]]="LS",),"Spec"),"")} -> Bigs | N45: =Master_Roster[[#This Row],[Offical ID]] -> May_Davis_25 | O45: Back-Up
A46: Active | B46: Richard McKay | C46: Richard McKay | D46: McKay_Richard_25 | E46: =CONCATENATE(Master_Roster[[#This Row],[Last Name]],", ",MID(Master_Roster[[#This Row],[First Name]],1,2)) -> McKay, Ri | F46: Richard | G46: McKay | H46: Richard McKay | I46: Richard McKay | J46: Richard McKay | K46: McKay, Richard | L46: =IFERROR(VLOOKUP(Master_Roster[[#This Row],[Offical ID]],'Online Roster'!L$3:M$112,2,FALSE),"") -> OL | M46: {=IFERROR(_xlfn.IFS(OR(Master_Roster[[#This Row],[Position]]="OL",Master_Roster[[#This Row],[Position]]="DL"),"Bigs",OR(Master_Roster[[#This Row],[Position]]="ILB",Master_Roster[[#This Row],[Position]]="OLB",Master_Roster[[#This Row],[Position]]="TE",Master_Roster[[#This Row],[Position]]="QB",Master_Roster[[#This Row],[Position]]="RB",Master_Roster[[#This Row],[Position]]="FB"),"Mids",OR(Master_Roster[[#This Row],[Position]]="WR",Master_Roster[[#This Row],[Position]]="CB",Master_Roster[[#This Row],[Position]]="S"),"Skills",OR(Master_Roster[[#This Row],[Position]]="K",Master_Roster[[#This Row],[Position]]="P",Master_Roster[[#This Row],[Position]]="LS",),"Spec"),"")} -> Bigs | N46: =Master_Roster[[#This Row],[Offical ID]] -> McKay_Richard_25 | O46: Back-Up
A47: Active | B47: Jaxon Moore | C47: Jaxon Moore | D47: Moore_Jaxon_25 | E47: =CONCATENATE(Master_Roster[[#This Row],[Last Name]],", ",MID(Master_Roster[[#This Row],[First Name]],1,2)) -> Moore, Ja | F47: Jaxon | G47: Moore | H47: Jaxon Moore | I47: Jaxon Moore | J47: =Master_Roster[[#This Row],[Simple Name]] -> Jaxon Moore | K47: Moore, Jaxon | L47: =IFERROR(VLOOKUP(Master_Roster[[#This Row],[Offical ID]],'Online Roster'!L$3:M$112,2,FALSE),"") -> OL | M47: {=IFERROR(_xlfn.IFS(OR(Master_Roster[[#This Row],[Position]]="OL",Master_Roster[[#This Row],[Position]]="DL"),"Bigs",OR(Master_Roster[[#This Row],[Position]]="ILB",Master_Roster[[#This Row],[Position]]="OLB",Master_Roster[[#This Row],[Position]]="TE",Master_Roster[[#This Row],[Position]]="QB",Master_Roster[[#This Row],[Position]]="RB",Master_Roster[[#This Row],[Position]]="FB"),"Mids",OR(Master_Roster[[#This Row],[Position]]="WR",Master_Roster[[#This Row],[Position]]="CB",Master_Roster[[#This Row],[Position]]="S"),"Skills",OR(Master_Roster[[#This Row],[Position]]="K",Master_Roster[[#This Row],[Position]]="P",Master_Roster[[#This Row],[Position]]="LS",),"Spec"),"")} -> Bigs | N47: =Master_Roster[[#This Row],[Offical ID]] -> Moore_Jaxon_25 | O47: Back-Up
A48: Active | B48: Elijah Ortiz | C48: Elijah Ortiz | D48: Ortiz_Elijah_25 | E48: =CONCATENATE(Master_Roster[[#This Row],[Last Name]],", ",MID(Master_Roster[[#This Row],[First Name]],1,2)) -> Ortiz, El | F48: Elijah | G48: Ortiz | H48: Elijah Ortiz | I48: Elijah Ortiz | J48: Elijah Ortiz | K48: Ortiz, Elijah | L48: =IFERROR(VLOOKUP(Master_Roster[[#This Row],[Offical ID]],'Online Roster'!L$3:M$112,2,FALSE),"") -> OL | M48: {=IFERROR(_xlfn.IFS(OR(Master_Roster[[#This Row],[Position]]="OL",Master_Roster[[#This Row],[Position]]="DL"),"Bigs",OR(Master_Roster[[#This Row],[Position]]="ILB",Master_Roster[[#This Row],[Position]]="OLB",Master_Roster[[#This Row],[Position]]="TE",Master_Roster[[#This Row],[Position]]="QB",Master_Roster[[#This Row],[Position]]="RB",Master_Roster[[#This Row],[Position]]="FB"),"Mids",OR(Master_Roster[[#This Row],[Position]]="WR",Master_Roster[[#This Row],[Position]]="CB",Master_Roster[[#This Row],[Position]]="S"),"Skills",OR(Master_Roster[[#This Row],[Position]]="K",Master_Roster[[#This Row],[Position]]="P",Master_Roster[[#This Row],[Position]]="LS",),"Spec"),"")} -> Bigs | N48: =Master_Roster[[#This Row],[Offical ID]] -> Ortiz_Elijah_25 | O48: Back-Up
A49: Active | B49: DeAnthony Sheffield | C49: DeAnthony Sheffield | D49: Sheffield_DeAnthony_25 | E49: =CONCATENATE(Master_Roster[[#This Row],[Last Name]],", ",MID(Master_Roster[[#This Row],[First Name]],1,2)) -> Sheffield, De | F49: DeAnthony | G49: Sheffield | H49: DeAnthony Sheffield | I49: DeAnthony Sheffield | J49: DeAnthony Sheffield | K49: Sheffield, DeAnthony | L49: =IFERROR(VLOOKUP(Master_Roster[[#This Row],[Offical ID]],'Online Roster'!L$3:M$112,2,FALSE),"") -> OL | M49: {=IFERROR(_xlfn.IFS(OR(Master_Roster[[#This Row],[Position]]="OL",Master_Roster[[#This Row],[Position]]="DL"),"Bigs",OR(Master_Roster[[#This Row],[Position]]="ILB",Master_Roster[[#This Row],[Position]]="OLB",Master_Roster[[#This Row],[Position]]="TE",Master_Roster[[#This Row],[Position]]="QB",Master_Roster[[#This Row],[Position]]="RB",Master_Roster[[#This Row],[Position]]="FB"),"Mids",OR(Master_Roster[[#This Row],[Position]]="WR",Master_Roster[[#This Row],[Position]]="CB",Master_Roster[[#This Row],[Position]]="S"),"Skills",OR(Master_Roster[[#This Row],[Position]]="K",Master_Roster[[#This Row],[Position]]="P",Master_Roster[[#This Row],[Position]]="LS",),"Spec"),"")} -> Bigs | N49: =Master_Roster[[#This Row],[Offical ID]] -> Sheffield_DeAnthony_25 | O49: Back-Up
A50: Active | B50: Joseph Speno | C50: Joseph Speno | D50: Speno_Joseph_25 | E50: =CONCATENATE(Master_Roster[[#This Row],[Last Name]],", ",MID(Master_Roster[[#This Row],[First Name]],1,2)) -> Speno, Jo | F50: Joseph | G50: Speno | H50: Joseph Speno | I50: Joseph Speno | J50: Joesph Speno | K50: Speno, Joe | L50: =IFERROR(VLOOKUP(Master_Roster[[#This Row],[Offical ID]],'Online Roster'!L$3:M$112,2,FALSE),"") -> OL | M50: {=IFERROR(_xlfn.IFS(OR(Master_Roster[[#This Row],[Position]]="OL",Master_Roster[[#This Row],[Position]]="DL"),"Bigs",OR(Master_Roster[[#This Row],[Position]]="ILB",Master_Roster[[#This Row],[Position]]="OLB",Master_Roster[[#This Row],[Position]]="TE",Master_Roster[[#This Row],[Position]]="QB",Master_Roster[[#This Row],[Position]]="RB",Master_Roster[[#This Row],[Position]]="FB"),"Mids",OR(Master_Roster[[#This Row],[Position]]="WR",Master_Roster[[#This Row],[Position]]="CB",Master_Roster[[#This Row],[Position]]="S"),"Skills",OR(Master_Roster[[#This Row],[Position]]="K",Master_Roster[[#This Row],[Position]]="P",Master_Roster[[#This Row],[Position]]="LS",),"Spec"),"")} -> Bigs | N50: =Master_Roster[[#This Row],[Offical ID]] -> Speno_Joseph_25 | O50: Back-Up
A51: Active | B51: Jeremiah Stallworth | C51: Jeremiah Stallworth | D51: Stallworth_Jeremiah_25 | E51: =CONCATENATE(Master_Roster[[#This Row],[Last Name]],", ",MID(Master_Roster[[#This Row],[First Name]],1,2)) -> Stallworth, Je | F51: Jeremiah | G51: Stallworth | H51: Jeremiah Stallworth | I51: Jeremiah Stallworth | J51: =Master_Roster[[#This Row],[Simple Name]] -> Jeremiah Stallworth | K51: Stallworth, Jeremiah | L51: =IFERROR(VLOOKUP(Master_Roster[[#This Row],[Offical ID]],'Online Roster'!L$3:M$112,2,FALSE),"") -> OL | M51: {=IFERROR(_xlfn.IFS(OR(Master_Roster[[#This Row],[Position]]="OL",Master_Roster[[#This Row],[Position]]="DL"),"Bigs",OR(Master_Roster[[#This Row],[Position]]="ILB",Master_Roster[[#This Row],[Position]]="OLB",Master_Roster[[#This Row],[Position]]="TE",Master_Roster[[#This Row],[Position]]="QB",Master_Roster[[#This Row],[Position]]="RB",Master_Roster[[#This Row],[Position]]="FB"),"Mids",OR(Master_Roster[[#This Row],[Position]]="WR",Master_Roster[[#This Row],[Position]]="CB",Master_Roster[[#This Row],[Position]]="S"),"Skills",OR(Master_Roster[[#This Row],[Position]]="K",Master_Roster[[#This Row],[Position]]="P",Master_Roster[[#This Row],[Position]]="LS",),"Spec"),"")} -> Bigs | N51: =Master_Roster[[#This Row],[Offical ID]] -> Stallworth_Jeremiah_25 | O51: Back-Up
A52: Active | B52: Cade Gretlein | C52: Cade Gretlein | D52: Gretlein_Cade_25 | E52: =CONCATENATE(Master_Roster[[#This Row],[Last Name]],", ",MID(Master_Roster[[#This Row],[First Name]],1,2)) -> Gretlein, Ca | F52: Cade | G52: Gretlein | H52: Cade Gretlein | I52: Cade Gretlein | J52: Cade Gretlein | K52: Gretlein, Cade | L52: =IFERROR(VLOOKUP(Master_Roster[[#This Row],[Offical ID]],'Online Roster'!L$3:M$112,2,FALSE),"") -> OL | M52: {=IFERROR(_xlfn.IFS(OR(Master_Roster[[#This Row],[Position]]="OL",Master_Roster[[#This Row],[Position]]="DL"),"Bigs",OR(Master_Roster[[#This Row],[Position]]="ILB",Master_Roster[[#This Row],[Position]]="OLB",Master_Roster[[#This Row],[Position]]="TE",Master_Roster[[#This Row],[Position]]="QB",Master_Roster[[#This Row],[Position]]="RB",Master_Roster[[#This Row],[Position]]="FB"),"Mids",OR(Master_Roster[[#This Row],[Position]]="WR",Master_Roster[[#This Row],[Position]]="CB",Master_Roster[[#This Row],[Position]]="S"),"Skills",OR(Master_Roster[[#This Row],[Position]]="K",Master_Roster[[#This Row],[Position]]="P",Master_Roster[[#This Row],[Position]]="LS",),"Spec"),"")} -> Bigs | N52: =Master_Roster[[#This Row],[Offical ID]] -> Gretlein_Cade_25 | O52: Back-Up
A53: Active | B53: Sawyer Hays | C53: Sawyer Hays | D53: Hays_Sawyer_25 | E53: =CONCATENATE(Master_Roster[[#This Row],[Last Name]],", ",MID(Master_Roster[[#This Row],[First Name]],1,2)) -> Hays, Sa | F53: Sawyer | G53: Hays | H53: Sawyer Hays | I53: Sawyer Hays | J53: Sawyer Hays | K53: Hays, Sawyer | L53: =IFERROR(VLOOKUP(Master_Roster[[#This Row],[Offical ID]],'Online Roster'!L$3:M$112,2,FALSE),"") -> OL | M53: {=IFERROR(_xlfn.IFS(OR(Master_Roster[[#This Row],[Position]]="OL",Master_Roster[[#This Row],[Position]]="DL"),"Bigs",OR(Master_Roster[[#This Row],[Position]]="ILB",Master_Roster[[#This Row],[Position]]="OLB",Master_Roster[[#This Row],[Position]]="TE",Master_Roster[[#This Row],[Position]]="QB",Master_Roster[[#This Row],[Position]]="RB",Master_Roster[[#This Row],[Position]]="FB"),"Mids",OR(Master_Roster[[#This Row],[Position]]="WR",Master_Roster[[#This Row],[Position]]="CB",Master_Roster[[#This Row],[Position]]="S"),"Skills",OR(Master_Roster[[#This Row],[Position]]="K",Master_Roster[[#This Row],[Position]]="P",Master_Roster[[#This Row],[Position]]="LS",),"Spec"),"")} -> Bigs | N53: =Master_Roster[[#This Row],[Offical ID]] -> Hays_Sawyer_25 | O53: Rotation
A54: Active | B54: Jordan Herman | C54: Jordan Herman | D54: Herman_Jordan_25 | E54: =CONCATENATE(Master_Roster[[#This Row],[Last Name]],", ",MID(Master_Roster[[#This Row],[First Name]],1,2)) -> Herman, Jo | F54: Jordan | G54: Herman | H54: Jordan Herman | I54: Jordan Herman | J54: Jordan Herman | K54: Herman, Jordan | L54: =IFERROR(VLOOKUP(Master_Roster[[#This Row],[Offical ID]],'Online Roster'!L$3:M$112,2,FALSE),"") -> OL | M54: {=IFERROR(_xlfn.IFS(OR(Master_Roster[[#This Row],[Position]]="OL",Master_Roster[[#This Row],[Position]]="DL"),"Bigs",OR(Master_Roster[[#This Row],[Position]]="ILB",Master_Roster[[#This Row],[Position]]="OLB",Master_Roster[[#This Row],[Position]]="TE",Master_Roster[[#This Row],[Position]]="QB",Master_Roster[[#This Row],[Position]]="RB",Master_Roster[[#This Row],[Position]]="FB"),"Mids",OR(Master_Roster[[#This Row],[Position]]="WR",Master_Roster[[#This Row],[Position]]="CB",Master_Roster[[#This Row],[Position]]="S"),"Skills",OR(Master_Roster[[#This Row],[Position]]="K",Master_Roster[[#This Row],[Position]]="P",Master_Roster[[#This Row],[Position]]="LS",),"Spec"),"")} -> Bigs | N54: =Master_Roster[[#This Row],[Offical ID]] -> Herman_Jordan_25 | O54: Rotation
A55: Active | B55: Brandon Sousa | C55: Brandon Sousa | D55: Sousa_Brandon_25 | E55: =CONCATENATE(Master_Roster[[#This Row],[Last Name]],", ",MID(Master_Roster[[#This Row],[First Name]],1,2)) -> Sousa, Br | F55: Brandon | G55: Sousa | H55: Brandon Sousa | I55: Brandon Sousa | J55: Brandon Sousa | K55: Sousa, Brandon | L55: =IFERROR(VLOOKUP(Master_Roster[[#This Row],[Offical ID]],'Online Roster'!L$3:M$112,2,FALSE),"") -> OL | M55: {=IFERROR(_xlfn.IFS(OR(Master_Roster[[#This Row],[Position]]="OL",Master_Roster[[#This Row],[Position]]="DL"),"Bigs",OR(Master_Roster[[#This Row],[Position]]="ILB",Master_Roster[[#This Row],[Position]]="OLB",Master_Roster[[#This Row],[Position]]="TE",Master_Roster[[#This Row],[Position]]="QB",Master_Roster[[#This Row],[Position]]="RB",Master_Roster[[#This Row],[Position]]="FB"),"Mids",OR(Master_Roster[[#This Row],[Position]]="WR",Master_Roster[[#This Row],[Position]]="CB",Master_Roster[[#This Row],[Position]]="S"),"Skills",OR(Master_Roster[[#This Row],[Position]]="K",Master_Roster[[#This Row],[Position]]="P",Master_Roster[[#This Row],[Position]]="LS",),"Spec"),"")} -> Bigs | N55: =Master_Roster[[#This Row],[Offical ID]] -> Sousa_Brandon_25 | O55: Rotation
A56: Active | B56: Bryson Summers | C56: Bryson Summers | D56: Summers_Bryson_25 | E56: =CONCATENATE(Master_Roster[[#This Row],[Last Name]],", ",MID(Master_Roster[[#This Row],[First Name]],1,2)) -> Summers, Br | F56: Bryson | G56: Summers | H56: Bryson Summers | I56: Bryson Summers | J56: Bryson Summers | K56: Summers, Bryson | L56: =IFERROR(VLOOKUP(Master_Roster[[#This Row],[Offical ID]],'Online Roster'!L$3:M$112,2,FALSE),"") -> OL | M56: {=IFERROR(_xlfn.IFS(OR(Master_Roster[[#This Row],[Position]]="OL",Master_Roster[[#This Row],[Position]]="DL"),"Bigs",OR(Master_Roster[[#This Row],[Position]]="ILB",Master_Roster[[#This Row],[Position]]="OLB",Master_Roster[[#This Row],[Position]]="TE",Master_Roster[[#This Row],[Position]]="QB",Master_Roster[[#This Row],[Position]]="RB",Master_Roster[[#This Row],[Position]]="FB"),"Mids",OR(Master_Roster[[#This Row],[Position]]="WR",Master_Roster[[#This Row],[Position]]="CB",Master_Roster[[#This Row],[Position]]="S"),"Skills",OR(Master_Roster[[#This Row],[Position]]="K",Master_Roster[[#This Row],[Position]]="P",Master_Roster[[#This Row],[Position]]="LS",),"Spec"),"")} -> Bigs | N56: =Master_Roster[[#This Row],[Offical ID]] -> Summers_Bryson_25 | O56: Back-Up
A57: Active | B57: Dean Abdullah | C57: Dean Abdullah | D57: Abdullah_Dean_25 | E57: =CONCATENATE(Master_Roster[[#This Row],[Last Name]],", ",MID(Master_Roster[[#This Row],[First Name]],1,2)) -> Abdullah, De | F57: Dean | G57: Abdullah | H57: Dean Abdullah | I57: Dean Abdullah | J57: Dean Abdullah | K57: Abdullah, Dean | L57: =IFERROR(VLOOKUP(Master_Roster[[#This Row],[Offical ID]],'Online Roster'!L$3:M$112,2,FALSE),"") -> OL | M57: {=IFERROR(_xlfn.IFS(OR(Master_Roster[[#This Row],[Position]]="OL",Master_Roster[[#This Row],[Position]]="DL"),"Bigs",OR(Master_Roster[[#This Row],[Position]]="ILB",Master_Roster[[#This Row],[Position]]="OLB",Master_Roster[[#This Row],[Position]]="TE",Master_Roster[[#This Row],[Position]]="QB",Master_Roster[[#This Row],[Position]]="RB",Master_Roster[[#This Row],[Position]]="FB"),"Mids",OR(Master_Roster[[#This Row],[Position]]="WR",Master_Roster[[#This Row],[Position]]="CB",Master_Roster[[#This Row],[Position]]="S"),"Skills",OR(Master_Roster[[#This Row],[Position]]="K",Master_Roster[[#This Row],[Position]]="P",Master_Roster[[#This Row],[Position]]="LS",),"Spec"),"")} -> Bigs | N57: =Master_Roster[[#This Row],[Offical ID]] -> Abdullah_Dean_25 | O57: Starter
A58: Active | B58: Aidan Meek | C58: Aidan Meek | D58: Meek_Aidan_25 | E58: =CONCATENATE(Master_Roster[[#This Row],[Last Name]],", ",MID(Master_Roster[[#This Row],[First Name]],1,2)) -> Meek, Ai | F58: Aidan | G58: Meek | H58: Aidan Meek | I58: Aidan Meek | J58: Aidan Meek | K58: Meek, Aidan | L58: =IFERROR(VLOOKUP(Master_Roster[[#This Row],[Offical ID]],'Online Roster'!L$3:M$112,2,FALSE),"") -> OL | M58: {=IFERROR(_xlfn.IFS(OR(Master_Roster[[#This Row],[Position]]="OL",Master_Roster[[#This Row],[Position]]="DL"),"Bigs",OR(Master_Roster[[#This Row],[Position]]="ILB",Master_Roster[[#This Row],[Position]]="OLB",Master_Roster[[#This Row],[Position]]="TE",Master_Roster[[#This Row],[Position]]="QB",Master_Roster[[#This Row],[Position]]="RB",Master_Roster[[#This Row],[Position]]="FB"),"Mids",OR(Master_Roster[[#This Row],[Position]]="WR",Master_Roster[[#This Row],[Position]]="CB",Master_Roster[[#This Row],[Position]]="S"),"Skills",OR(Master_Roster[[#This Row],[Position]]="K",Master_Roster[[#This Row],[Position]]="P",Master_Roster[[#This Row],[Position]]="LS",),"Spec"),"")} -> Bigs | N58: =Master_Roster[[#This Row],[Offical ID]] -> Meek_Aidan_25 | O58: Starter
A59: Active | B59: Kenndel Riley | C59: Kenndel Riley | D59: Riley_Kenndel_25 | E59: =CONCATENATE(Master_Roster[[#This Row],[Last Name]],", ",MID(Master_Roster[[#This Row],[First Name]],1,2)) -> Riley, Ke | F59: Kenndel | G59: Riley | H59: Kenndel Riley | I59: Kenndel Riley | J59: Kenndel Riley | K59: Riley, Kenndel | L59: =IFERROR(VLOOKUP(Master_Roster[[#This Row],[Offical ID]],'Online Roster'!L$3:M$112,2,FALSE),"") -> OL | M59: {=IFERROR(_xlfn.IFS(OR(Master_Roster[[#This Row],[Position]]="OL",Master_Roster[[#This Row],[Position]]="DL"),"Bigs",OR(Master_Roster[[#This Row],[Position]]="ILB",Master_Roster[[#This Row],[Position]]="OLB",Master_Roster[[#This Row],[Position]]="TE",Master_Roster[[#This Row],[Position]]="QB",Master_Roster[[#This Row],[Position]]="RB",Master_Roster[[#This Row],[Position]]="FB"),"Mids",OR(Master_Roster[[#This Row],[Position]]="WR",Master_Roster[[#This Row],[Position]]="CB",Master_Roster[[#This Row],[Position]]="S"),"Skills",OR(Master_Roster[[#This Row],[Position]]="K",Master_Roster[[#This Row],[Position]]="P",Master_Roster[[#This Row],[Position]]="LS",),"Spec"),"")} -> Bigs | N59: =Master_Roster[[#This Row],[Offical ID]] -> Riley_Kenndel_25 | O59: Starter
A60: Active | B60: Jose Soto | C60: Jose Soto | D60: Soto_Jose_25 | E60: =CONCATENATE(Master_Roster[[#This Row],[Last Name]],", ",MID(Master_Roster[[#This Row],[First Name]],1,2)) -> Soto, Jo | F60: Jose | G60: Soto | H60: Jose Soto | I60: Jose Soto | J60: Jose Soto | K60: Soto, Jose | L60: =IFERROR(VLOOKUP(Master_Roster[[#This Row],[Offical ID]],'Online Roster'!L$3:M$112,2,FALSE),"") -> OL | M60: {=IFERROR(_xlfn.IFS(OR(Master_Roster[[#This Row],[Position]]="OL",Master_Roster[[#This Row],[Position]]="DL"),"Bigs",OR(Master_Roster[[#This Row],[Position]]="ILB",Master_Roster[[#This Row],[Position]]="OLB",Master_Roster[[#This Row],[Position]]="TE",Master_Roster[[#This Row],[Position]]="QB",Master_Roster[[#This Row],[Position]]="RB",Master_Roster[[#This Row],[Position]]="FB"),"Mids",OR(Master_Roster[[#This Row],[Position]]="WR",Master_Roster[[#This Row],[Position]]="CB",Master_Roster[[#This Row],[Position]]="S"),"Skills",OR(Master_Roster[[#This Row],[Position]]="K",Master_Roster[[#This Row],[Position]]="P",Master_Roster[[#This Row],[Position]]="LS",),"Spec"),"")} -> Bigs | N60: =Master_Roster[[#This Row],[Offical ID]] -> Soto_Jose_25 | O60: Starter
A61: Active | B61: Dylan Gooden | C61: Dylan Gooden | D61: Gooden_Dylan_25 | E61: =CONCATENATE(Master_Roster[[#This Row],[Last Name]],", ",MID(Master_Roster[[#This Row],[First Name]],1,2)) -> Gooden, Dy | F61: Dylan | G61: Gooden | H61: Dylan Gooden | I61: Dylan Gooden | J61: Dylan Gooden | K61: Gooden, Dylan | L61: =IFERROR(VLOOKUP(Master_Roster[[#This Row],[Offical ID]],'Online Roster'!L$3:M$112,2,FALSE),"") -> OLB | M61: {=IFERROR(_xlfn.IFS(OR(Master_Roster[[#This Row],[Position]]="OL",Master_Roster[[#This Row],[Position]]="DL"),"Bigs",OR(Master_Roster[[#This Row],[Position]]="ILB",Master_Roster[[#This Row],[Position]]="OLB",Master_Roster[[#This Row],[Position]]="TE",Master_Roster[[#This Row],[Position]]="QB",Master_Roster[[#This Row],[Position]]="RB",Master_Roster[[#This Row],[Position]]="FB"),"Mids",OR(Master_Roster[[#This Row],[Position]]="WR",Master_Roster[[#This Row],[Position]]="CB",Master_Roster[[#This Row],[Position]]="S"),"Skills",OR(Master_Roster[[#This Row],[Position]]="K",Master_Roster[[#This Row],[Position]]="P",Master_Roster[[#This Row],[Position]]="LS",),"Spec"),"")} -> Mids | N61: =Master_Roster[[#This Row],[Offical ID]] -> Gooden_Dylan_25 | O61: Back-Up
A62: Active | B62: Micah Mosley | C62: Micah Mosley | D62: Mosley_Micah_25 | E62: =CONCATENATE(Master_Roster[[#This Row],[Last Name]],", ",MID(Master_Roster[[#This Row],[First Name]],1,2)) -> Mosley, Mi | F62: Micah | G62: Mosley | H62: Micah Mosley | I62: Micah Mosley | J62: =Master_Roster[[#This Row],[Simple Name]] -> Micah Mosley | K62: Mosley, Micah | L62: =IFERROR(VLOOKUP(Master_Roster[[#This Row],[Offical ID]],'Online Roster'!L$3:M$112,2,FALSE),"") -> OLB | M62: {=IFERROR(_xlfn.IFS(OR(Master_Roster[[#This Row],[Position]]="OL",Master_Roster[[#This Row],[Position]]="DL"),"Bigs",OR(Master_Roster[[#This Row],[Position]]="ILB",Master_Roster[[#This Row],[Position]]="OLB",Master_Roster[[#This Row],[Position]]="TE",Master_Roster[[#This Row],[Position]]="QB",Master_Roster[[#This Row],[Position]]="RB",Master_Roster[[#This Row],[Position]]="FB"),"Mids",OR(Master_Roster[[#This Row],[Position]]="WR",Master_Roster[[#This Row],[Position]]="CB",Master_Roster[[#This Row],[Position]]="S"),"Skills",OR(Master_Roster[[#This Row],[Position]]="K",Master_Roster[[#This Row],[Position]]="P",Master_Roster[[#This Row],[Position]]="LS",),"Spec"),"")} -> Mids | N62: =Master_Roster[[#This Row],[Offical ID]] -> Mosley_Micah_25 | O62: Back-Up
A63: Active | B63: Fata Puloka | C63: Fata Puloka | D63: Puloka_Fata_25 | E63: =CONCATENATE(Master_Roster[[#This Row],[Last Name]],", ",MID(Master_Roster[[#This Row],[First Name]],1,2)) -> Puloka, Fa | F63: Fata | G63: Puloka | H63: Fata Puloka | I63: Fata Puloka | J63: Fata Puloka | K63: Puloka, Fata | L63: =IFERROR(VLOOKUP(Master_Roster[[#This Row],[Offical ID]],'Online Roster'!L$3:M$112,2,FALSE),"") -> OLB | M63: {=IFERROR(_xlfn.IFS(OR(Master_Roster[[#This Row],[Position]]="OL",Master_Roster[[#This Row],[Position]]="DL"),"Bigs",OR(Master_Roster[[#This Row],[Position]]="ILB",Master_Roster[[#This Row],[Position]]="OLB",Master_Roster[[#This Row],[Position]]="TE",Master_Roster[[#This Row],[Position]]="QB",Master_Roster[[#This Row],[Position]]="RB",Master_Roster[[#This Row],[Position]]="FB"),"Mids",OR(Master_Roster[[#This Row],[Position]]="WR",Master_Roster[[#This Row],[Position]]="CB",Master_Roster[[#This Row],[Position]]="S"),"Skills",OR(Master_Roster[[#This Row],[Position]]="K",Master_Roster[[#This Row],[Position]]="P",Master_Roster[[#This Row],[Position]]="LS",),"Spec"),"")} -> Mids | N63: =Master_Roster[[#This Row],[Offical ID]] -> Puloka_Fata_25 | O63: Back-Up
A64: Archive 25 | B64: Brennon Scott | C64: Brennon Scott | D64: Scott_Brennon_25 | E64: =CONCATENATE(Master_Roster[[#This Row],[Last Name]],", ",MID(Master_Roster[[#This Row],[First Name]],1,2)) -> Scott, Br | F64: Brennon | G64: Scott | H64: Brennon Scott | I64: Brennon Scott | J64: Brennon Scott | K64: Scott, Brennon | L64: OLB | M64: Mids | N64: =Master_Roster[[#This Row],[Offical ID]] -> Scott_Brennon_25 | O64: Back-Up
A65: Active | B65: Pita Vi | C65: Pita Vi | D65: Vi_Pita_25 | E65: =CONCATENATE(Master_Roster[[#This Row],[Last Name]],", ",MID(Master_Roster[[#This Row],[First Name]],1,2)) -> Vi, Pi | F65: Pita | G65: Vi | H65: Pita Vi | I65: Pita Vi | J65: Pita Vi | K65: Vi, Pita | L65: TE | M65: {=IFERROR(_xlfn.IFS(OR(Master_Roster[[#This Row],[Position]]="OL",Master_Roster[[#This Row],[Position]]="DL"),"Bigs",OR(Master_Roster[[#This Row],[Position]]="ILB",Master_Roster[[#This Row],[Position]]="OLB",Master_Roster[[#This Row],[Position]]="TE",Master_Roster[[#This Row],[Position]]="QB",Master_Roster[[#This Row],[Position]]="RB",Master_Roster[[#This Row],[Position]]="FB"),"Mids",OR(Master_Roster[[#This Row],[Position]]="WR",Master_Roster[[#This Row],[Position]]="CB",Master_Roster[[#This Row],[Position]]="S"),"Skills",OR(Master_Roster[[#This Row],[Position]]="K",Master_Roster[[#This Row],[Position]]="P",Master_Roster[[#This Row],[Position]]="LS",),"Spec"),"")} -> Mids | N65: =Master_Roster[[#This Row],[Offical ID]] -> Vi_Pita_25 | O65: Rotation
A66: Archive 25 | B66: Kris Ross | C66: Kris Ross | D66: Ross_Kris_25 | E66: =CONCATENATE(Master_Roster[[#This Row],[Last Name]],", ",MID(Master_Roster[[#This Row],[First Name]],1,2)) -> Ross, Kr | F66: Kris | G66: Ross | H66: Kristopher Ross | I66: Kris Ross | J66: Kriss Ross | K66: Ross, Kris | L66: OLB | M66: {=IFERROR(_xlfn.IFS(OR(Master_Roster[[#This Row],[Position]]="OL",Master_Roster[[#This Row],[Position]]="DL"),"Bigs",OR(Master_Roster[[#This Row],[Position]]="ILB",Master_Roster[[#This Row],[Position]]="OLB",Master_Roster[[#This Row],[Position]]="TE",Master_Roster[[#This Row],[Position]]="QB",Master_Roster[[#This Row],[Position]]="RB",Master_Roster[[#This Row],[Position]]="FB"),"Mids",OR(Master_Roster[[#This Row],[Position]]="WR",Master_Roster[[#This Row],[Position]]="CB",Master_Roster[[#This Row],[Position]]="S"),"Skills",OR(Master_Roster[[#This Row],[Position]]="K",Master_Roster[[#This Row],[Position]]="P",Master_Roster[[#This Row],[Position]]="LS",),"Spec"),"")} -> Mids | N66: =Master_Roster[[#This Row],[Offical ID]] -> Ross_Kris_25
A67: Active | B67: Deven Wright | C67: Deven Wright | D67: Wright_Deven_25 | E67: =CONCATENATE(Master_Roster[[#This Row],[Last Name]],", ",MID(Master_Roster[[#This Row],[First Name]],1,2)) -> Wright, De | F67: Deven | G67: Wright | H67: Deven Wright | I67: Deven Wright | J67: Deven Wright | K67: Wright, Deven | L67: =IFERROR(VLOOKUP(Master_Roster[[#This Row],[Offical ID]],'Online Roster'!L$3:M$112,2,FALSE),"") -> OLB | M67: {=IFERROR(_xlfn.IFS(OR(Master_Roster[[#This Row],[Position]]="OL",Master_Roster[[#This Row],[Position]]="DL"),"Bigs",OR(Master_Roster[[#This Row],[Position]]="ILB",Master_Roster[[#This Row],[Position]]="OLB",Master_Roster[[#This Row],[Position]]="TE",Master_Roster[[#This Row],[Position]]="QB",Master_Roster[[#This Row],[Position]]="RB",Master_Roster[[#This Row],[Position]]="FB"),"Mids",OR(Master_Roster[[#This Row],[Position]]="WR",Master_Roster[[#This Row],[Position]]="CB",Master_Roster[[#This Row],[Position]]="S"),"Skills",OR(Master_Roster[[#This Row],[Position]]="K",Master_Roster[[#This Row],[Position]]="P",Master_Roster[[#This Row],[Position]]="LS",),"Spec"),"")} -> Mids | N67: =Master_Roster[[#This Row],[Offical ID]] -> Wright_Deven_25 | O67: Rotation
A68: Active | B68: Dylan Hampsten | C68: Dylan Hampsten | D68: Hampsten_Dylan_25 | E68: =CONCATENATE(Master_Roster[[#This Row],[Last Name]],", ",MID(Master_Roster[[#This Row],[First Name]],1,2)) -> Hampsten, Dy | F68: Dylan | G68: Hampsten | H68: Dylan Hampsten | I68: Dylan Hampsten | J68: Dylan Hampsten | K68: Hampsten, Dylan | L68: OLB | M68: {=IFERROR(_xlfn.IFS(OR(Master_Roster[[#This Row],[Position]]="OL",Master_Roster[[#This Row],[Position]]="DL"),"Bigs",OR(Master_Roster[[#This Row],[Position]]="ILB",Master_Roster[[#This Row],[Position]]="OLB",Master_Roster[[#This Row],[Position]]="TE",Master_Roster[[#This Row],[Position]]="QB",Master_Roster[[#This Row],[Position]]="RB",Master_Roster[[#This Row],[Position]]="FB"),"Mids",OR(Master_Roster[[#This Row],[Position]]="WR",Master_Roster[[#This Row],[Position]]="CB",Master_Roster[[#This Row],[Position]]="S"),"Skills",OR(Master_Roster[[#This Row],[Position]]="K",Master_Roster[[#This Row],[Position]]="P",Master_Roster[[#This Row],[Position]]="LS",),"Spec"),"")} -> Mids | N68: =Master_Roster[[#This Row],[Offical ID]] -> Hampsten_Dylan_25 | O68: Starter
A69: Active | B69: Josh Cashiola | C69: Josh Cashiola | D69: Cashiola_Josh_25 | E69: =CONCATENATE(Master_Roster[[#This Row],[Last Name]],", ",MID(Master_Roster[[#This Row],[First Name]],1,2)) -> Cashiola, Jo | F69: Josh | G69: Cashiola | H69: Josh Cashiola | I69: Josh Cashiola | J69: =Master_Roster[[#This Row],[Simple Name]] -> Josh Cashiola | K69: Cashiola, Josh | L69: =IFERROR(VLOOKUP(Master_Roster[[#This Row],[Offical ID]],'Online Roster'!L$3:M$112,2,FALSE),"") -> OLB | M69: {=IFERROR(_xlfn.IFS(OR(Master_Roster[[#This Row],[Position]]="OL",Master_Roster[[#This Row],[Position]]="DL"),"Bigs",OR(Master_Roster[[#This Row],[Position]]="ILB",Master_Roster[[#This Row],[Position]]="OLB",Master_Roster[[#This Row],[Position]]="TE",Master_Roster[[#This Row],[Position]]="QB",Master_Roster[[#This Row],[Position]]="RB",Master_Roster[[#This Row],[Position]]="FB"),"Mids",OR(Master_Roster[[#This Row],[Position]]="WR",Master_Roster[[#This Row],[Position]]="CB",Master_Roster[[#This Row],[Position]]="S"),"Skills",OR(Master_Roster[[#This Row],[Position]]="K",Master_Roster[[#This Row],[Position]]="P",Master_Roster[[#This Row],[Position]]="LS",),"Spec"),"")} -> Mids | N69: =Master_Roster[[#This Row],[Offical ID]] -> Cashiola_Josh_25 | O69: Rotation
A70: Active | B70: Cal McGough | C70: Cal McGough | D70: McGough_Cal_25 | E70: =CONCATENATE(Master_Roster[[#This Row],[Last Name]],", ",MID(Master_Roster[[#This Row],[First Name]],1,2)) -> McGough, Ca | F70: Cal | G70: McGough | H70: Cal McGough | I70: Cal McGough | J70: Cal McGough | K70: McGough, Cal | L70: =IFERROR(VLOOKUP(Master_Roster[[#This Row],[Offical ID]],'Online Roster'!L$3:M$112,2,FALSE),"") -> P | M70: {=IFERROR(_xlfn.IFS(OR(Master_Roster[[#This Row],[Position]]="OL",Master_Roster[[#This Row],[Position]]="DL"),"Bigs",OR(Master_Roster[[#This Row],[Position]]="ILB",Master_Roster[[#This Row],[Position]]="OLB",Master_Roster[[#This Row],[Position]]="TE",Master_Roster[[#This Row],[Position]]="QB",Master_Roster[[#This Row],[Position]]="RB",Master_Roster[[#This Row],[Position]]="FB"),"Mids",OR(Master_Roster[[#This Row],[Position]]="WR",Master_Roster[[#This Row],[Position]]="CB",Master_Roster[[#This Row],[Position]]="S"),"Skills",OR(Master_Roster[[#This Row],[Position]]="K",Master_Roster[[#This Row],[Position]]="P",Master_Roster[[#This Row],[Position]]="LS",),"Spec"),"")} -> Spec | N70: =Master_Roster[[#This Row],[Offical ID]] -> McGough_Cal_25 | O70: Back-Up
A71: Active | B71: Mike Melanson | C71: Mike Melanson | D71: Melanson_Mike_25 | E71: =CONCATENATE(Master_Roster[[#This Row],[Last Name]],", ",MID(Master_Roster[[#This Row],[First Name]],1,2)) -> Melanson, Mi | F71: Mike | G71: Melanson | H71: Mike Melanson | I71: Mikey Henderson | J71: Michael Melanson | K71: Melanson, Mike | L71: =IFERROR(VLOOKUP(Master_Roster[[#This Row],[Offical ID]],'Online Roster'!L$3:M$112,2,FALSE),"") -> P | M71: {=IFERROR(_xlfn.IFS(OR(Master_Roster[[#This Row],[Position]]="OL",Master_Roster[[#This Row],[Position]]="DL"),"Bigs",OR(Master_Roster[[#This Row],[Position]]="ILB",Master_Roster[[#This Row],[Position]]="OLB",Master_Roster[[#This Row],[Position]]="TE",Master_Roster[[#This Row],[Position]]="QB",Master_Roster[[#This Row],[Position]]="RB",Master_Roster[[#This Row],[Position]]="FB"),"Mids",OR(Master_Roster[[#This Row],[Position]]="WR",Master_Roster[[#This Row],[Position]]="CB",Master_Roster[[#This Row],[Position]]="S"),"Skills",OR(Master_Roster[[#This Row],[Position]]="K",Master_Roster[[#This Row],[Position]]="P",Master_Roster[[#This Row],[Position]]="LS",),"Spec"),"")} -> Spec | N71: =Master_Roster[[#This Row],[Offical ID]] -> Melanson_Mike_25 | O71: Back-Up
A72: Active | B72: Jamar Malone | C72: Jamar Malone | D72: Malone_Jamar_25 | E72: =CONCATENATE(Master_Roster[[#This Row],[Last Name]],", ",MID(Master_Roster[[#This Row],[First Name]],1,2)) -> Malone, Ja | F72: Jamar | G72: Malone | H72: Jamar Malone | I72: Jamar Malone | J72: =Master_Roster[[#This Row],[Simple Name]] -> Jamar Malone | K72: Malone, Jamar | L72: =IFERROR(VLOOKUP(Master_Roster[[#This Row],[Offical ID]],'Online Roster'!L$3:M$112,2,FALSE),"") -> QB | M72: {=IFERROR(_xlfn.IFS(OR(Master_Roster[[#This Row],[Position]]="OL",Master_Roster[[#This Row],[Position]]="DL"),"Bigs",OR(Master_Roster[[#This Row],[Position]]="ILB",Master_Roster[[#This Row],[Position]]="OLB",Master_Roster[[#This Row],[Position]]="TE",Master_Roster[[#This Row],[Position]]="QB",Master_Roster[[#This Row],[Position]]="RB",Master_Roster[[#This Row],[Position]]="FB"),"Mids",OR(Master_Roster[[#This Row],[Position]]="WR",Master_Roster[[#This Row],[Position]]="CB",Master_Roster[[#This Row],[Position]]="S"),"Skills",OR(Master_Roster[[#This Row],[Position]]="K",Master_Roster[[#This Row],[Position]]="P",Master_Roster[[#This Row],[Position]]="LS",),"Spec"),"")} -> Mids | N72: =Master_Roster[[#This Row],[Offical ID]] -> Malone_Jamar_25 | O72: Back-Up
A73: Active | B73: Cardell Williams | C73: Cardell Williams | D73: Williams_Cardell_25 | E73: =CONCATENATE(Master_Roster[[#This Row],[Last Name]],", ",MID(Master_Roster[[#This Row],[First Name]],1,2)) -> Williams, Ca | F73: Cardell | G73: Williams | H73: Cardell Williams | I73: Cardell Williams | J73: Cardell Williams | K73: Williams, Cardell | L73: =IFERROR(VLOOKUP(Master_Roster[[#This Row],[Offical ID]],'Online Roster'!L$3:M$112,2,FALSE),"") -> QB | M73: {=IFERROR(_xlfn.IFS(OR(Master_Roster[[#This Row],[Position]]="OL",Master_Roster[[#This Row],[Position]]="DL"),"Bigs",OR(Master_Roster[[#This Row],[Position]]="ILB",Master_Roster[[#This Row],[Position]]="OLB",Master_Roster[[#This Row],[Position]]="TE",Master_Roster[[#This Row],[Position]]="QB",Master_Roster[[#This Row],[Position]]="RB",Master_Roster[[#This Row],[Position]]="FB"),"Mids",OR(Master_Roster[[#This Row],[Position]]="WR",Master_Roster[[#This Row],[Position]]="CB",Master_Roster[[#This Row],[Position]]="S"),"Skills",OR(Master_Roster[[#This Row],[Position]]="K",Master_Roster[[#This Row],[Position]]="P",Master_Roster[[#This Row],[Position]]="LS",),"Spec"),"")} -> Mids | N73: =Master_Roster[[#This Row],[Offical ID]] -> Williams_Cardell_25 | O73: Starter
A74: Active | B74: Luke Sprague | C74: Luke Sprague | D74: Sprague_Luke_25 | E74: Sprague, Lu | F74: Luke | G74: Sprague | H74: Luke Sprague | I74: Luke Sprague | J74: Luke Sprague | K74: =CONCATENATE(Master_Roster[[#This Row],[Last Name]],", ",Master_Roster[[#This Row],[First Name]]) -> Sprague, Luke | L74: QB | M74: {=IFERROR(_xlfn.IFS(OR(Master_Roster[[#This Row],[Position]]="OL",Master_Roster[[#This Row],[Position]]="DL"),"Bigs",OR(Master_Roster[[#This Row],[Position]]="ILB",Master_Roster[[#This Row],[Position]]="OLB",Master_Roster[[#This Row],[Position]]="TE",Master_Roster[[#This Row],[Position]]="QB",Master_Roster[[#This Row],[Position]]="RB",Master_Roster[[#This Row],[Position]]="FB"),"Mids",OR(Master_Roster[[#This Row],[Position]]="WR",Master_Roster[[#This Row],[Position]]="CB",Master_Roster[[#This Row],[Position]]="S"),"Skills",OR(Master_Roster[[#This Row],[Position]]="K",Master_Roster[[#This Row],[Position]]="P",Master_Roster[[#This Row],[Position]]="LS",),"Spec"),"")} -> Mids | N74: =Master_Roster[[#This Row],[Offical ID]] -> Sprague_Luke_25 | O74: Back-Up
A75: Active | B75: Jaden Rashada | C75: Jaden Rashada | D75: Rashada_Jaden_25 | E75: =CONCATENATE(Master_Roster[[#This Row],[Last Name]],", ",MID(Master_Roster[[#This Row],[First Name]],1,2)) -> Rashada, Ja | F75: Jaden | G75: Rashada | H75: Jaden Rashada | I75: Jaden Rashada | J75: Jaden Rashada | K75: Rashada, Jaden | L75: =IFERROR(VLOOKUP(Master_Roster[[#This Row],[Offical ID]],'Online Roster'!L$3:M$112,2,FALSE),"") -> QB | M75: {=IFERROR(_xlfn.IFS(OR(Master_Roster[[#This Row],[Position]]="OL",Master_Roster[[#This Row],[Position]]="DL"),"Bigs",OR(Master_Roster[[#This Row],[Position]]="ILB",Master_Roster[[#This Row],[Position]]="OLB",Master_Roster[[#This Row],[Position]]="TE",Master_Roster[[#This Row],[Position]]="QB",Master_Roster[[#This Row],[Position]]="RB",Master_Roster[[#This Row],[Position]]="FB"),"Mids",OR(Master_Roster[[#This Row],[Position]]="WR",Master_Roster[[#This Row],[Position]]="CB",Master_Roster[[#This Row],[Position]]="S"),"Skills",OR(Master_Roster[[#This Row],[Position]]="K",Master_Roster[[#This Row],[Position]]="P",Master_Roster[[#This Row],[Position]]="LS",),"Spec"),"")} -> Mids | N75: =Master_Roster[[#This Row],[Offical ID]] -> Rashada_Jaden_25 | O75: Back-Up
A76: Active | B76: Curron Borders | C76: Curron Borders | D76: Borders_Curron_25 | E76: =CONCATENATE(Master_Roster[[#This Row],[Last Name]],", ",MID(Master_Roster[[#This Row],[First Name]],1,2)) -> Borders, Cu | F76: Curron | G76: Borders | H76: Curron Borders | I76: Curron Borders | J76: Curron Borders | K76: Borders, Curron | L76: =IFERROR(VLOOKUP(Master_Roster[[#This Row],[Offical ID]],'Online Roster'!L$3:M$112,2,FALSE),"") -> RB | M76: {=IFERROR(_xlfn.IFS(OR(Master_Roster[[#This Row],[Position]]="OL",Master_Roster[[#This Row],[Position]]="DL"),"Bigs",OR(Master_Roster[[#This Row],[Position]]="ILB",Master_Roster[[#This Row],[Position]]="OLB",Master_Roster[[#This Row],[Position]]="TE",Master_Roster[[#This Row],[Position]]="QB",Master_Roster[[#This Row],[Position]]="RB",Master_Roster[[#This Row],[Position]]="FB"),"Mids",OR(Master_Roster[[#This Row],[Position]]="WR",Master_Roster[[#This Row],[Position]]="CB",Master_Roster[[#This Row],[Position]]="S"),"Skills",OR(Master_Roster[[#This Row],[Position]]="K",Master_Roster[[#This Row],[Position]]="P",Master_Roster[[#This Row],[Position]]="LS",),"Spec"),"")} -> Mids | N76: =Master_Roster[[#This Row],[Offical ID]] -> Borders_Curron_25 | O76: Back-Up
A77: Active | B77: Elias Brown | C77: Elias Brown | D77: Brown_Elias_25 | E77: =CONCATENATE(Master_Roster[[#This Row],[Last Name]],", ",MID(Master_Roster[[#This Row],[First Name]],1,2)) -> Brown, El | F77: Elias | G77: Brown | H77: Elias Brown | I77: Elias Brown | J77: Elias Brown | K77: Brown, Elias | L77: =IFERROR(VLOOKUP(Master_Roster[[#This Row],[Offical ID]],'Online Roster'!L$3:M$112,2,FALSE),"") -> RB | M77: {=IFERROR(_xlfn.IFS(OR(Master_Roster[[#This Row],[Position]]="OL",Master_Roster[[#This Row],[Position]]="DL"),"Bigs",OR(Master_Roster[[#This Row],[Position]]="ILB",Master_Roster[[#This Row],[Position]]="OLB",Master_Roster[[#This Row],[Position]]="TE",Master_Roster[[#This Row],[Position]]="QB",Master_Roster[[#This Row],[Position]]="RB",Master_Roster[[#This Row],[Position]]="FB"),"Mids",OR(Master_Roster[[#This Row],[Position]]="WR",Master_Roster[[#This Row],[Position]]="CB",Master_Roster[[#This Row],[Position]]="S"),"Skills",OR(Master_Roster[[#This Row],[Position]]="K",Master_Roster[[#This Row],[Position]]="P",Master_Roster[[#This Row],[Position]]="LS",),"Spec"),"")} -> Mids | N77: =Master_Roster[[#This Row],[Offical ID]] -> Brown_Elias_25 | O77: Back-Up
A78: Active | B78: Jaquail Smith | C78: Jaquail Smith | D78: Smith_Jaquail_25 | E78: =CONCATENATE(Master_Roster[[#This Row],[Last Name]],", ",MID(Master_Roster[[#This Row],[First Name]],1,2)) -> Smith, Ja | F78: Jaquail | G78: Smith | H78: Jaquail Smith | I78: Jaquail Smith | J78: =Master_Roster[[#This Row],[Simple Name]] -> Jaquail Smith | K78: Smith, Jaquail | L78: =IFERROR(VLOOKUP(Master_Roster[[#This Row],[Offical ID]],'Online Roster'!L$3:M$112,2,FALSE),"") -> RB | M78: {=IFERROR(_xlfn.IFS(OR(Master_Roster[[#This Row],[Position]]="OL",Master_Roster[[#This Row],[Position]]="DL"),"Bigs",OR(Master_Roster[[#This Row],[Position]]="ILB",Master_Roster[[#This Row],[Position]]="OLB",Master_Roster[[#This Row],[Position]]="TE",Master_Roster[[#This Row],[Position]]="QB",Master_Roster[[#This Row],[Position]]="RB",Master_Roster[[#This Row],[Position]]="FB"),"Mids",OR(Master_Roster[[#This Row],[Position]]="WR",Master_Roster[[#This Row],[Position]]="CB",Master_Roster[[#This Row],[Position]]="S"),"Skills",OR(Master_Roster[[#This Row],[Position]]="K",Master_Roster[[#This Row],[Position]]="P",Master_Roster[[#This Row],[Position]]="LS",),"Spec"),"")} -> Mids | N78: =Master_Roster[[#This Row],[Offical ID]] -> Smith_Jaquail_25 | O78: Back-Up
A79: Active | B79: Damian Henderson II | C79: Damian Henderson | D79: Henderson_Damian_25 | E79: =CONCATENATE(Master_Roster[[#This Row],[Last Name]],", ",MID(Master_Roster[[#This Row],[First Name]],1,2)) -> Henderson, Da | F79: Damian | G79: Henderson | H79: Damian Henderson | I79: Damian Henderson | J79: =Master_Roster[[#This Row],[Simple Name]] -> Damian Henderson | K79: Henderson, Damien | L79: RB | M79: {=IFERROR(_xlfn.IFS(OR(Master_Roster[[#This Row],[Position]]="OL",Master_Roster[[#This Row],[Position]]="DL"),"Bigs",OR(Master_Roster[[#This Row],[Position]]="ILB",Master_Roster[[#This Row],[Position]]="OLB",Master_Roster[[#This Row],[Position]]="TE",Master_Roster[[#This Row],[Position]]="QB",Master_Roster[[#This Row],[Position]]="RB",Master_Roster[[#This Row],[Position]]="FB"),"Mids",OR(Master_Roster[[#This Row],[Position]]="WR",Master_Roster[[#This Row],[Position]]="CB",Master_Roster[[#This Row],[Position]]="S"),"Skills",OR(Master_Roster[[#This Row],[Position]]="K",Master_Roster[[#This Row],[Position]]="P",Master_Roster[[#This Row],[Position]]="LS",),"Spec"),"")} -> Mids | N79: =Master_Roster[[#This Row],[Offical ID]] -> Henderson_Damian_25 | O79: Rotation
A80: Active | B80: Michael Johnson | C80: Michael Johnson | D80: Johnson_Michael_25 | E80: Johnson, Mi | H80: Michael Johnson | I80: Michael Johnson | J80: =Master_Roster[[#This Row],[Simple Name]] -> Michael Johnson | K80: Johnson III, Michael | L80: =IFERROR(VLOOKUP(Master_Roster[[#This Row],[Offical ID]],'Online Roster'!L$3:M$112,2,FALSE),"") -> RB | M80: {=IFERROR(_xlfn.IFS(OR(Master_Roster[[#This Row],[Position]]="OL",Master_Roster[[#This Row],[Position]]="DL"),"Bigs",OR(Master_Roster[[#This Row],[Position]]="ILB",Master_Roster[[#This Row],[Position]]="OLB",Master_Roster[[#This Row],[Position]]="TE",Master_Roster[[#This Row],[Position]]="QB",Master_Roster[[#This Row],[Position]]="RB",Master_Roster[[#This Row],[Position]]="FB"),"Mids",OR(Master_Roster[[#This Row],[Position]]="WR",Master_Roster[[#This Row],[Position]]="CB",Master_Roster[[#This Row],[Position]]="S"),"Skills",OR(Master_Roster[[#This Row],[Position]]="K",Master_Roster[[#This Row],[Position]]="P",Master_Roster[[#This Row],[Position]]="LS",),"Spec"),"")} -> Mids | N80: =Master_Roster[[#This Row],[Offical ID]] -> Johnson_Michael_25 | O80: Back-Up
A81: Active | B81: Samuel Adams II | C81: Samuel Adams | D81: Adams_Sam_25 | E81: =CONCATENATE(Master_Roster[[#This Row],[Last Name]],", ",MID(Master_Roster[[#This Row],[First Name]],1,2)) -> Adams, Sa | F81: Sam | G81: Adams | H81: Sam Adams | I81: Samuel Adams | J81: Sam Adams | K81: Adams, Sam | L81: =IFERROR(VLOOKUP(Master_Roster[[#This Row],[Offical ID]],'Online Roster'!L$3:M$112,2,FALSE),"") -> RB | M81: {=IFERROR(_xlfn.IFS(OR(Master_Roster[[#This Row],[Position]]="OL",Master_Roster[[#This Row],[Position]]="DL"),"Bigs",OR(Master_Roster[[#This Row],[Position]]="ILB",Master_Roster[[#This Row],[Position]]="OLB",Master_Roster[[#This Row],[Position]]="TE",Master_Roster[[#This Row],[Position]]="QB",Master_Roster[[#This Row],[Position]]="RB",Master_Roster[[#This Row],[Position]]="FB"),"Mids",OR(Master_Roster[[#This Row],[Position]]="WR",Master_Roster[[#This Row],[Position]]="CB",Master_Roster[[#This Row],[Position]]="S"),"Skills",OR(Master_Roster[[#This Row],[Position]]="K",Master_Roster[[#This Row],[Position]]="P",Master_Roster[[#This Row],[Position]]="LS",),"Spec"),"")} -> Mids | N81: =Master_Roster[[#This Row],[Offical ID]] -> Adams_Sam_25 | O81: Rotation
A82: Active | B82: Jamar Curtis | C82: Jamar Curtis | D82: Curtis_Jamar_25 | E82: =CONCATENATE(Master_Roster[[#This Row],[Last Name]],", ",MID(Master_Roster[[#This Row],[First Name]],1,2)) -> Curtis, Ja | F82: Jamar | G82: Curtis | H82: Jamar Curtis | I82: Jamar Curtis | J82: Jamar Curtis | K82: Curtis, Jamar | L82: =IFERROR(VLOOKUP(Master_Roster[[#This Row],[Offical ID]],'Online Roster'!L$3:M$112,2,FALSE),"") -> RB | M82: {=IFERROR(_xlfn.IFS(OR(Master_Roster[[#This Row],[Position]]="OL",Master_Roster[[#This Row],[Position]]="DL"),"Bigs",OR(Master_Roster[[#This Row],[Position]]="ILB",Master_Roster[[#This Row],[Position]]="OLB",Master_Roster[[#This Row],[Position]]="TE",Master_Roster[[#This Row],[Position]]="QB",Master_Roster[[#This Row],[Position]]="RB",Master_Roster[[#This Row],[Position]]="FB"),"Mids",OR(Master_Roster[[#This Row],[Position]]="WR",Master_Roster[[#This Row],[Position]]="CB",Master_Roster[[#This Row],[Position]]="S"),"Skills",OR(Master_Roster[[#This Row],[Position]]="K",Master_Roster[[#This Row],[Position]]="P",Master_Roster[[#This Row],[Position]]="LS",),"Spec"),"")} -> Mids | N82: =Master_Roster[[#This Row],[Offical ID]] -> Curtis_Jamar_25 | O82: Starter
A83: Active | B83: Rodney Hammond, Jr. | C83: Rodney Hammond | D83: Hammond_Rodney_25 | E83: =CONCATENATE(Master_Roster[[#This Row],[Last Name]],", ",MID(Master_Roster[[#This Row],[First Name]],1,2)) -> Hammond, Ro | F83: Rodney | G83: Hammond | H83: Rodney Hammond | I83: Rodney Hammond | J83: Rodney Hammond | K83: Hammond, Rodney | L83: =IFERROR(VLOOKUP(Master_Roster[[#This Row],[Offical ID]],'Online Roster'!L$3:M$112,2,FALSE),"") -> RB | M83: {=IFERROR(_xlfn.IFS(OR(Master_Roster[[#This Row],[Position]]="OL",Master_Roster[[#This Row],[Position]]="DL"),"Bigs",OR(Master_Roster[[#This Row],[Position]]="ILB",Master_Roster[[#This Row],[Position]]="OLB",Master_Roster[[#This Row],[Position]]="TE",Master_Roster[[#This Row],[Position]]="QB",Master_Roster[[#This Row],[Position]]="RB",Master_Roster[[#This Row],[Position]]="FB"),"Mids",OR(Master_Roster[[#This Row],[Position]]="WR",Master_Roster[[#This Row],[Position]]="CB",Master_Roster[[#This Row],[Position]]="S"),"Skills",OR(Master_Roster[[#This Row],[Position]]="K",Master_Roster[[#This Row],[Position]]="P",Master_Roster[[#This Row],[Position]]="LS",),"Spec"),"")} -> Mids | N83: =Master_Roster[[#This Row],[Offical ID]] -> Hammond_Rodney_25 | O83: Starter
A84: Active | B84: Savion Red | C84: Savion Red | D84: Red_Savion_25 | E84: =CONCATENATE(Master_Roster[[#This Row],[Last Name]],", ",MID(Master_Roster[[#This Row],[First Name]],1,2)) -> Red, Sa | F84: Savion | G84: Red | H84: Savion Red | I84: Savion Red | J84: Savion Red | K84: Red, Savion | L84: QB | M84: {=IFERROR(_xlfn.IFS(OR(Master_Roster[[#This Row],[Position]]="OL",Master_Roster[[#This Row],[Position]]="DL"),"Bigs",OR(Master_Roster[[#This Row],[Position]]="ILB",Master_Roster[[#This Row],[Position]]="OLB",Master_Roster[[#This Row],[Position]]="TE",Master_Roster[[#This Row],[Position]]="QB",Master_Roster[[#This Row],[Position]]="RB",Master_Roster[[#This Row],[Position]]="FB"),"Mids",OR(Master_Roster[[#This Row],[Position]]="WR",Master_Roster[[#This Row],[Position]]="CB",Master_Roster[[#This Row],[Position]]="S"),"Skills",OR(Master_Roster[[#This Row],[Position]]="K",Master_Roster[[#This Row],[Position]]="P",Master_Roster[[#This Row],[Position]]="LS",),"Spec"),"")} -> Mids | N84: =Master_Roster[[#This Row],[Offical ID]] -> Red_Savion_25 | O84: Starter
A85: Active | B85: Lono Chouteau | C85: Lono Chouteau | D85: Chouteau_Lono_25 | E85: =CONCATENATE(Master_Roster[[#This Row],[Last Name]],", ",MID(Master_Roster[[#This Row],[First Name]],1,2)) -> Chouteau, Lo | F85: Lono | G85: Chouteau | H85: Lono Chouteau | I85: Lono Chouteau | J85: =Master_Roster[[#This Row],[Simple Name]] -> Lono Chouteau | K85: Chouteau, Lono | L85: =IFERROR(VLOOKUP(Master_Roster[[#This Row],[Offical ID]],'Online Roster'!L$3:M$112,2,FALSE),"") -> S | M85: {=IFERROR(_xlfn.IFS(OR(Master_Roster[[#This Row],[Position]]="OL",Master_Roster[[#This Row],[Position]]="DL"),"Bigs",OR(Master_Roster[[#This Row],[Position]]="ILB",Master_Roster[[#This Row],[Position]]="OLB",Master_Roster[[#This Row],[Position]]="TE",Master_Roster[[#This Row],[Position]]="QB",Master_Roster[[#This Row],[Position]]="RB",Master_Roster[[#This Row],[Position]]="FB"),"Mids",OR(Master_Roster[[#This Row],[Position]]="WR",Master_Roster[[#This Row],[Position]]="CB",Master_Roster[[#This Row],[Position]]="S"),"Skills",OR(Master_Roster[[#This Row],[Position]]="K",Master_Roster[[#This Row],[Position]]="P",Master_Roster[[#This Row],[Position]]="LS",),"Spec"),"")} -> Skills | N85: =Master_Roster[[#This Row],[Offical ID]] -> Chouteau_Lono_25 | O85: Back-Up
A86: Active | B86: Yebrell Emerson | C86: Yebrell Emerson | D86: Emerson_Yebrell_25 | E86: =CONCATENATE(Master_Roster[[#This Row],[Last Name]],", ",MID(Master_Roster[[#This Row],[First Name]],1,2)) -> Emerson, Ye | F86: Yebrell | G86: Emerson | H86: Yebrell Emerson | I86: Yebrell Emerson | J86: Yebrell Emerson | K86: Emerson, Yeberell | L86: =IFERROR(VLOOKUP(Master_Roster[[#This Row],[Offical ID]],'Online Roster'!L$3:M$112,2,FALSE),"") -> S | M86: {=IFERROR(_xlfn.IFS(OR(Master_Roster[[#This Row],[Position]]="OL",Master_Roster[[#This Row],[Position]]="DL"),"Bigs",OR(Master_Roster[[#This Row],[Position]]="ILB",Master_Roster[[#This Row],[Position]]="OLB",Master_Roster[[#This Row],[Position]]="TE",Master_Roster[[#This Row],[Position]]="QB",Master_Roster[[#This Row],[Position]]="RB",Master_Roster[[#This Row],[Position]]="FB"),"Mids",OR(Master_Roster[[#This Row],[Position]]="WR",Master_Roster[[#This Row],[Position]]="CB",Master_Roster[[#This Row],[Position]]="S"),"Skills",OR(Master_Roster[[#This Row],[Position]]="K",Master_Roster[[#This Row],[Position]]="P",Master_Roster[[#This Row],[Position]]="LS",),"Spec"),"")} -> Skills | N86: =Master_Roster[[#This Row],[Offical ID]] -> Emerson_Yebrell_25 | O86: Back-Up
A87: Active | B87: Jamal Hood | C87: Jamal Hood | D87: Hood_Jamal_25 | E87: =CONCATENATE(Master_Roster[[#This Row],[Last Name]],", ",MID(Master_Roster[[#This Row],[First Name]],1,2)) -> Hood, Ja | F87: Jamal | G87: Hood | H87: Jamal Hood | I87: Jamal Hood | J87: Jamal Hood | K87: Hood, Jamal | L87: =IFERROR(VLOOKUP(Master_Roster[[#This Row],[Offical ID]],'Online Roster'!L$3:M$112,2,FALSE),"") -> S | M87: {=IFERROR(_xlfn.IFS(OR(Master_Roster[[#This Row],[Position]]="OL",Master_Roster[[#This Row],[Position]]="DL"),"Bigs",OR(Master_Roster[[#This Row],[Position]]="ILB",Master_Roster[[#This Row],[Position]]="OLB",Master_Roster[[#This Row],[Position]]="TE",Master_Roster[[#This Row],[Position]]="QB",Master_Roster[[#This Row],[Position]]="RB",Master_Roster[[#This Row],[Position]]="FB"),"Mids",OR(Master_Roster[[#This Row],[Position]]="WR",Master_Roster[[#This Row],[Position]]="CB",Master_Roster[[#This Row],[Position]]="S"),"Skills",OR(Master_Roster[[#This Row],[Position]]="K",Master_Roster[[#This Row],[Position]]="P",Master_Roster[[#This Row],[Position]]="LS",),"Spec"),"")} -> Skills | N87: =Master_Roster[[#This Row],[Offical ID]] -> Hood_Jamal_25 | O87: Back-Up
A88: Active | B88: Naytel Mitchell | C88: Naytel Mitchell | D88: Mitchell_Naytel_25 | E88: =CONCATENATE(Master_Roster[[#This Row],[Last Name]],", ",MID(Master_Roster[[#This Row],[First Name]],1,2)) -> Mitchell, Na | F88: Naytel | G88: Mitchell | H88: Naytell Mitchell | I88: Naytell Mitchell | J88: =Master_Roster[[#This Row],[Simple Name]] -> Naytel Mitchell | K88: Mitchell, Naytel | L88: =IFERROR(VLOOKUP(Master_Roster[[#This Row],[Offical ID]],'Online Roster'!L$3:M$112,2,FALSE),"") -> S | M88: {=IFERROR(_xlfn.IFS(OR(Master_Roster[[#This Row],[Position]]="OL",Master_Roster[[#This Row],[Position]]="DL"),"Bigs",OR(Master_Roster[[#This Row],[Position]]="ILB",Master_Roster[[#This Row],[Position]]="OLB",Master_Roster[[#This Row],[Position]]="TE",Master_Roster[[#This Row],[Position]]="QB",Master_Roster[[#This Row],[Position]]="RB",Master_Roster[[#This Row],[Position]]="FB"),"Mids",OR(Master_Roster[[#This Row],[Position]]="WR",Master_Roster[[#This Row],[Position]]="CB",Master_Roster[[#This Row],[Position]]="S"),"Skills",OR(Master_Roster[[#This Row],[Position]]="K",Master_Roster[[#This Row],[Position]]="P",Master_Roster[[#This Row],[Position]]="LS",),"Spec"),"")} -> Skills | N88: =Master_Roster[[#This Row],[Offical ID]] -> Mitchell_Naytel_25 | O88: Back-Up
A89: Active | B89: Jojo Solis | C89: Jojo Solis | D89: Solis_Jojo_25 | E89: =CONCATENATE(Master_Roster[[#This Row],[Last Name]],", ",MID(Master_Roster[[#This Row],[First Name]],1,2)) -> Solis, Jo | F89: Jojo | G89: Solis | H89: Jojo Solis | I89: Jojo Solis | J89: Jojo Solis | K89: Solis, Jojo | L89: RB | M89: {=IFERROR(_xlfn.IFS(OR(Master_Roster[[#This Row],[Position]]="OL",Master_Roster[[#This Row],[Position]]="DL"),"Bigs",OR(Master_Roster[[#This Row],[Position]]="ILB",Master_Roster[[#This Row],[Position]]="OLB",Master_Roster[[#This Row],[Position]]="TE",Master_Roster[[#This Row],[Position]]="QB",Master_Roster[[#This Row],[Position]]="RB",Master_Roster[[#This Row],[Position]]="FB"),"Mids",OR(Master_Roster[[#This Row],[Position]]="WR",Master_Roster[[#This Row],[Position]]="CB",Master_Roster[[#This Row],[Position]]="S"),"Skills",OR(Master_Roster[[#This Row],[Position]]="K",Master_Roster[[#This Row],[Position]]="P",Master_Roster[[#This Row],[Position]]="LS",),"Spec"),"")} -> Mids | N89: =Master_Roster[[#This Row],[Offical ID]] -> Solis_Jojo_25 | O89: Back-Up
A90: Active | B90: Diesel Gordon | C90: Diesel Gordon | D90: Gordon_Diesel_25 | E90: =CONCATENATE(Master_Roster[[#This Row],[Last Name]],", ",MID(Master_Roster[[#This Row],[First Name]],1,2)) -> Gordon, Di | F90: Diesel | G90: Gordon | H90: Diesel Gordon | I90: Diesel Gordon | J90: Diesel Gordon | K90: Gordon, Diesel | L90: =IFERROR(VLOOKUP(Master_Roster[[#This Row],[Offical ID]],'Online Roster'!L$3:M$112,2,FALSE),"") -> S | M90: {=IFERROR(_xlfn.IFS(OR(Master_Roster[[#This Row],[Position]]="OL",Master_Roster[[#This Row],[Position]]="DL"),"Bigs",OR(Master_Roster[[#This Row],[Position]]="ILB",Master_Roster[[#This Row],[Position]]="OLB",Master_Roster[[#This Row],[Position]]="TE",Master_Roster[[#This Row],[Position]]="QB",Master_Roster[[#This Row],[Position]]="RB",Master_Roster[[#This Row],[Position]]="FB"),"Mids",OR(Master_Roster[[#This Row],[Position]]="WR",Master_Roster[[#This Row],[Position]]="CB",Master_Roster[[#This Row],[Position]]="S"),"Skills",OR(Master_Roster[[#This Row],[Position]]="K",Master_Roster[[#This Row],[Position]]="P",Master_Roster[[#This Row],[Position]]="LS",),"Spec"),"")} -> Skills | N90: =Master_Roster[[#This Row],[Offical ID]] -> Gordon_Diesel_25 | O90: Back-Up
A91: Active | B91: Anta'Veon McKenzie | C91: Anta'Veon McKenzie | D91: McKenzie_Anta_Veon_25 | E91: =CONCATENATE(Master_Roster[[#This Row],[Last Name]],", ",MID(Master_Roster[[#This Row],[First Name]],1,2)) -> McKenzie, An | F91: Anta'Veon | G91: McKenzie | H91: Anta'Veon McKenzie | I91: Anta'Veon McKenzie | J91: Anta'Veon McKenzie | K91: McKenzie, Anta' Veon | L91: S | M91: {=IFERROR(_xlfn.IFS(OR(Master_Roster[[#This Row],[Position]]="OL",Master_Roster[[#This Row],[Position]]="DL"),"Bigs",OR(Master_Roster[[#This Row],[Position]]="ILB",Master_Roster[[#This Row],[Position]]="OLB",Master_Roster[[#This Row],[Position]]="TE",Master_Roster[[#This Row],[Position]]="QB",Master_Roster[[#This Row],[Position]]="RB",Master_Roster[[#This Row],[Position]]="FB"),"Mids",OR(Master_Roster[[#This Row],[Position]]="WR",Master_Roster[[#This Row],[Position]]="CB",Master_Roster[[#This Row],[Position]]="S"),"Skills",OR(Master_Roster[[#This Row],[Position]]="K",Master_Roster[[#This Row],[Position]]="P",Master_Roster[[#This Row],[Position]]="LS",),"Spec"),"")} -> Skills | N91: =Master_Roster[[#This Row],[Offical ID]] -> McKenzie_Anta_Veon_25 | O91: Rotation
A92: Active | B92: Koa Akui | C92: Koa Akui | D92: Akui_Koa_25 | E92: =CONCATENATE(Master_Roster[[#This Row],[Last Name]],", ",MID(Master_Roster[[#This Row],[First Name]],1,2)) -> Akui, Ko | F92: Koa | G92: Akui | H92: Koa Akui | I92: Koa Akui | J92: Koa Akui | K92: Akui, Koa | L92: =IFERROR(VLOOKUP(Master_Roster[[#This Row],[Offical ID]],'Online Roster'!L$3:M$112,2,FALSE),"") -> S | M92: {=IFERROR(_xlfn.IFS(OR(Master_Roster[[#This Row],[Position]]="OL",Master_Roster[[#This Row],[Position]]="DL"),"Bigs",OR(Master_Roster[[#This Row],[Position]]="ILB",Master_Roster[[#This Row],[Position]]="OLB",Master_Roster[[#This Row],[Position]]="TE",Master_Roster[[#This Row],[Position]]="QB",Master_Roster[[#This Row],[Position]]="RB",Master_Roster[[#This Row],[Position]]="FB"),"Mids",OR(Master_Roster[[#This Row],[Position]]="WR",Master_Roster[[#This Row],[Position]]="CB",Master_Roster[[#This Row],[Position]]="S"),"Skills",OR(Master_Roster[[#This Row],[Position]]="K",Master_Roster[[#This Row],[Position]]="P",Master_Roster[[#This Row],[Position]]="LS",),"Spec"),"")} -> Skills | N92: =Master_Roster[[#This Row],[Offical ID]] -> Akui_Koa_25 | O92: Starter
A93: Active | B93: Kaleb Higgins | C93: Kaleb Higgins | D93: Higgins_Kaleb_25 | E93: =CONCATENATE(Master_Roster[[#This Row],[Last Name]],", ",MID(Master_Roster[[#This Row],[First Name]],1,2)) -> Higgins, Ka | F93: Kaleb | G93: Higgins | H93: Kaleb Higgins | I93: Kaleb Higgins | J93: Kaleb Higgins | K93: Higgins, Kaleb | L93: =IFERROR(VLOOKUP(Master_Roster[[#This Row],[Offical ID]],'Online Roster'!L$3:M$112,2,FALSE),"") -> S | M93: {=IFERROR(_xlfn.IFS(OR(Master_Roster[[#This Row],[Position]]="OL",Master_Roster[[#This Row],[Position]]="DL"),"Bigs",OR(Master_Roster[[#This Row],[Position]]="ILB",Master_Roster[[#This Row],[Position]]="OLB",Master_Roster[[#This Row],[Position]]="TE",Master_Roster[[#This Row],[Position]]="QB",Master_Roster[[#This Row],[Position]]="RB",Master_Roster[[#This Row],[Position]]="FB"),"Mids",OR(Master_Roster[[#This Row],[Position]]="WR",Master_Roster[[#This Row],[Position]]="CB",Master_Roster[[#This Row],[Position]]="S"),"Skills",OR(Master_Roster[[#This Row],[Position]]="K",Master_Roster[[#This Row],[Position]]="P",Master_Roster[[#This Row],[Position]]="LS",),"Spec"),"")} -> Skills | N93: =Master_Roster[[#This Row],[Offical ID]] -> Higgins_Kaleb_25 | O93: Starter
A94: Active | B94: Davis Ambuehl | C94: Davis Ambuehl | D94: Ambuehl_Davis_25 | E94: =CONCATENATE(Master_Roster[[#This Row],[Last Name]],", ",MID(Master_Roster[[#This Row],[First Name]],1,2)) -> Ambuehl, Da | F94: Davis | G94: Ambuehl | H94: Davis Ambuehl | I94: Davis Ambuehl | J94: Davis Ambuehl | K94: Ambuehl, Davis | L94: =IFERROR(VLOOKUP(Master_Roster[[#This Row],[Offical ID]],'Online Roster'!L$3:M$112,2,FALSE),"") -> TE | M94: {=IFERROR(_xlfn.IFS(OR(Master_Roster[[#This Row],[Position]]="OL",Master_Roster[[#This Row],[Position]]="DL"),"Bigs",OR(Master_Roster[[#This Row],[Position]]="ILB",Master_Roster[[#This Row],[Position]]="OLB",Master_Roster[[#This Row],[Position]]="TE",Master_Roster[[#This Row],[Position]]="QB",Master_Roster[[#This Row],[Position]]="RB",Master_Roster[[#This Row],[Position]]="FB"),"Mids",OR(Master_Roster[[#This Row],[Position]]="WR",Master_Roster[[#This Row],[Position]]="CB",Master_Roster[[#This Row],[Position]]="S"),"Skills",OR(Master_Roster[[#This Row],[Position]]="K",Master_Roster[[#This Row],[Position]]="P",Master_Roster[[#This Row],[Position]]="LS",),"Spec"),"")} -> Mids | N94: =Master_Roster[[#This Row],[Offical ID]] -> Ambuehl_Davis_25 | O94: Back-Up
A95: Active | B95: Elijah Huddle | C95: Elijah Huddle | D95: Huddle_Elijah_25 | E95: =CONCATENATE(Master_Roster[[#This Row],[Last Name]],", ",MID(Master_Roster[[#This Row],[First Name]],1,2)) -> Huddle, El | F95: Elijah | G95: Huddle | H95: Elijah Huddle | I95: Elijah Huddle | J95: Elijah Huddle | K95: Huddle, Elijah | L95: =IFERROR(VLOOKUP(Master_Roster[[#This Row],[Offical ID]],'Online Roster'!L$3:M$112,2,FALSE),"") -> TE | M95: {=IFERROR(_xlfn.IFS(OR(Master_Roster[[#This Row],[Position]]="OL",Master_Roster[[#This Row],[Position]]="DL"),"Bigs",OR(Master_Roster[[#This Row],[Position]]="ILB",Master_Roster[[#This Row],[Position]]="OLB",Master_Roster[[#This Row],[Position]]="TE",Master_Roster[[#This Row],[Position]]="QB",Master_Roster[[#This Row],[Position]]="RB",Master_Roster[[#This Row],[Position]]="FB"),"Mids",OR(Master_Roster[[#This Row],[Position]]="WR",Master_Roster[[#This Row],[Position]]="CB",Master_Roster[[#This Row],[Position]]="S"),"Skills",OR(Master_Roster[[#This Row],[Position]]="K",Master_Roster[[#This Row],[Position]]="P",Master_Roster[[#This Row],[Position]]="LS",),"Spec"),"")} -> Mids | N95: =Master_Roster[[#This Row],[Offical ID]] -> Huddle_Elijah_25 | O95: Back-Up
A96: Active | B96: Bear Tenney | C96: Bear Tenney | D96: Tenney_Bear_25 | E96: =CONCATENATE(Master_Roster[[#This Row],[Last Name]],", ",MID(Master_Roster[[#This Row],[First Name]],1,2)) -> Tenney, Be | F96: Bear | G96: Tenney | H96: Bear Tenney | I96: Bear Tenney | J96: =Master_Roster[[#This Row],[Simple Name]] -> Bear Tenney | K96: Tenney, Bear | L96: =IFERROR(VLOOKUP(Master_Roster[[#This Row],[Offical ID]],'Online Roster'!L$3:M$112,2,FALSE),"") -> TE | M96: {=IFERROR(_xlfn.IFS(OR(Master_Roster[[#This Row],[Position]]="OL",Master_Roster[[#This Row],[Position]]="DL"),"Bigs",OR(Master_Roster[[#This Row],[Position]]="ILB",Master_Roster[[#This Row],[Position]]="OLB",Master_Roster[[#This Row],[Position]]="TE",Master_Roster[[#This Row],[Position]]="QB",Master_Roster[[#This Row],[Position]]="RB",Master_Roster[[#This Row],[Position]]="FB"),"Mids",OR(Master_Roster[[#This Row],[Position]]="WR",Master_Roster[[#This Row],[Position]]="CB",Master_Roster[[#This Row],[Position]]="S"),"Skills",OR(Master_Roster[[#This Row],[Position]]="K",Master_Roster[[#This Row],[Position]]="P",Master_Roster[[#This Row],[Position]]="LS",),"Spec"),"")} -> Mids | N96: =Master_Roster[[#This Row],[Offical ID]] -> Tenney_Bear_25 | O96: Back-Up
A97: Active | B97: Dontae Robinson | C97: Dontae Robinson | D97: Robinson_Dontae_25 | E97: =CONCATENATE(Master_Roster[[#This Row],[Last Name]],", ",MID(Master_Roster[[#This Row],[First Name]],1,2)) -> Robinson, Do | F97: Dontae | G97: Robinson | H97: Dontae Robinson | I97: Dontae Robinson | J97: Dontae Robinson | K97: Robinson, Dontae | L97: WR | M97: {=IFERROR(_xlfn.IFS(OR(Master_Roster[[#This Row],[Position]]="OL",Master_Roster[[#This Row],[Position]]="DL"),"Bigs",OR(Master_Roster[[#This Row],[Position]]="ILB",Master_Roster[[#This Row],[Position]]="OLB",Master_Roster[[#This Row],[Position]]="TE",Master_Roster[[#This Row],[Position]]="QB",Master_Roster[[#This Row],[Position]]="RB",Master_Roster[[#This Row],[Position]]="FB"),"Mids",OR(Master_Roster[[#This Row],[Position]]="WR",Master_Roster[[#This Row],[Position]]="CB",Master_Roster[[#This Row],[Position]]="S"),"Skills",OR(Master_Roster[[#This Row],[Position]]="K",Master_Roster[[#This Row],[Position]]="P",Master_Roster[[#This Row],[Position]]="LS",),"Spec"),"")} -> Skills | N97: =Master_Roster[[#This Row],[Offical ID]] -> Robinson_Dontae_25 | O97: Back-Up
A98: Active | B98: Gavin Nelson | C98: Gavin Nelson | D98: Nelson_Gavin_25 | E98: =CONCATENATE(Master_Roster[[#This Row],[Last Name]],", ",MID(Master_Roster[[#This Row],[First Name]],1,2)) -> Nelson, Ga | F98: Gavin | G98: Nelson | H98: Gavin Nelson | I98: Gavin Nelson | J98: Gavin Nelson | K98: Nelson, Gavin | L98: =IFERROR(VLOOKUP(Master_Roster[[#This Row],[Offical ID]],'Online Roster'!L$3:M$112,2,FALSE),"") -> TE | M98: {=IFERROR(_xlfn.IFS(OR(Master_Roster[[#This Row],[Position]]="OL",Master_Roster[[#This Row],[Position]]="DL"),"Bigs",OR(Master_Roster[[#This Row],[Position]]="ILB",Master_Roster[[#This Row],[Position]]="OLB",Master_Roster[[#This Row],[Position]]="TE",Master_Roster[[#This Row],[Position]]="QB",Master_Roster[[#This Row],[Position]]="RB",Master_Roster[[#This Row],[Position]]="FB"),"Mids",OR(Master_Roster[[#This Row],[Position]]="WR",Master_Roster[[#This Row],[Position]]="CB",Master_Roster[[#This Row],[Position]]="S"),"Skills",OR(Master_Roster[[#This Row],[Position]]="K",Master_Roster[[#This Row],[Position]]="P",Master_Roster[[#This Row],[Position]]="LS",),"Spec"),"")} -> Mids | N98: =Master_Roster[[#This Row],[Offical ID]] -> Nelson_Gavin_25 | O98: Rotation
A99: Active | B99: Jordan Williams | C99: Jordan Williams | D99: Williams_Jordan_25 | E99: =CONCATENATE(Master_Roster[[#This Row],[Last Name]],", ",MID(Master_Roster[[#This Row],[First Name]],1,2)) -> Williams, Jo | F99: Jordan | G99: Williams | H99: Jordan Williams | I99: Jordan Williams | J99: Jordan Williams | K99: Williams, Jordan | L99: =IFERROR(VLOOKUP(Master_Roster[[#This Row],[Offical ID]],'Online Roster'!L$3:M$112,2,FALSE),"") -> TE | M99: {=IFERROR(_xlfn.IFS(OR(Master_Roster[[#This Row],[Position]]="OL",Master_Roster[[#This Row],[Position]]="DL"),"Bigs",OR(Master_Roster[[#This Row],[Position]]="ILB",Master_Roster[[#This Row],[Position]]="OLB",Master_Roster[[#This Row],[Position]]="TE",Master_Roster[[#This Row],[Position]]="QB",Master_Roster[[#This Row],[Position]]="RB",Master_Roster[[#This Row],[Position]]="FB"),"Mids",OR(Master_Roster[[#This Row],[Position]]="WR",Master_Roster[[#This Row],[Position]]="CB",Master_Roster[[#This Row],[Position]]="S"),"Skills",OR(Master_Roster[[#This Row],[Position]]="K",Master_Roster[[#This Row],[Position]]="P",Master_Roster[[#This Row],[Position]]="LS",),"Spec"),"")} -> Mids | N99: =Master_Roster[[#This Row],[Offical ID]] -> Williams_Jordan_25 | O99: Starter
A100: Active | B100: Ajon Bryant | C100: Ajon Bryant | D100: Bryant_Ajon_25 | E100: =CONCATENATE(Master_Roster[[#This Row],[Last Name]],", ",MID(Master_Roster[[#This Row],[First Name]],1,2)) -> Bryant, Aj | F100: Ajon | G100: Bryant | H100: Ajon Bryant | I100: Ajon Bryant | J100: Ajon Bryant | K100: Bryant, Ajon | L100: WR | M100: {=IFERROR(_xlfn.IFS(OR(Master_Roster[[#This Row],[Position]]="OL",Master_Roster[[#This Row],[Position]]="DL"),"Bigs",OR(Master_Roster[[#This Row],[Position]]="ILB",Master_Roster[[#This Row],[Position]]="OLB",Master_Roster[[#This Row],[Position]]="TE",Master_Roster[[#This Row],[Position]]="QB",Master_Roster[[#This Row],[Position]]="RB",Master_Roster[[#This Row],[Position]]="FB"),"Mids",OR(Master_Roster[[#This Row],[Position]]="WR",Master_Roster[[#This Row],[Position]]="CB",Master_Roster[[#This Row],[Position]]="S"),"Skills",OR(Master_Roster[[#This Row],[Position]]="K",Master_Roster[[#This Row],[Position]]="P",Master_Roster[[#This Row],[Position]]="LS",),"Spec"),"")} -> Skills | N100: =Master_Roster[[#This Row],[Offical ID]] -> Bryant_Ajon_25 | O100: Rotation
...

Sheet Sheet4
A1: Team | B1: Active
A3: Row Labels | B3: Count of Position
A4: CB | B4: 11 | E4: CB | F4: 11 | G4: L
A5: DL | B5: 11 | E5: DL | F5: 11 | G5: XXXL
A6: FB | B6: 2 | E6: FB | F6: 2 | G6: XXL
A7: ILB | B7: 11 | E7: ILB | F7: 11 | G7: XL
A8: K | B8: 3 | E8: K | F8: 3
A9: LS | B9: 2 | E9: LS | F9: 2
A10: OL | B10: 18 | E10: OL | F10: 18 | G10: XXXL
A11: OLB | B11: 7 | E11: OLB | F11: 7 | G11: XXL
A12: P | B12: 2 | E12: P | F12: 2
A13: QB | B13: 5 | E13: QB | F13: 5 | G13: L
A14: RB | B14: 8 | E14: RB | F14: 8 | G14: L
A15: S | B15: 9 | E15: S | F15: 9 | G15: L
A16: TE | B16: 5 | E16: TE | F16: 5 | G16: XL
A17: WR | B17: 16 | E17: WR | F17: 16 | G17: L
A18: Grand Total | B18: 110 | J18: Size | K18: Count
G19: {=_xlfn.UNIQUE(G4:G17)} -> L | H19: =SUMIFS(F$4:F$17,G$4:G$17,G19) -> 49 | J19: 4XL | K19: 15
G20: XXXL | H20: =SUMIFS(F$4:F$17,G$4:G$17,G20) -> 29 | J20: 3XL | K20: 15
G21: XXL | H21: =SUMIFS(F$4:F$17,G$4:G$17,G21) -> 9 | J21: 2XL | K21: 10
G22: XL | H22: =SUMIFS(F$4:F$17,G$4:G$17,G22) -> 16 | J22: XL | K22: 15
G23: 0 | J23: L | K23: 50
K25: =SUM(K19:K23) -> 105

Sheet Sheet1
A1: Jordan Anderson
A2: Tim Conerly
A3: Damien McDaniel
A4: Gavin Nelson
A5: Koa Akui
A6: Kaleb Higgins
A7: Jamar Curtis
A8: Rodney Hammond
A9: Savion Red
A10: Jaden Rashada
A11: Dylan Hampsten
A12: Josh Cashiola
... A26: Jayland McGlothen

Sheet Groups 721
A1: Name | B1: Position | C1: Position Class | D1: Tues 7/22 Group | E1: Starting Station | G1: Name | H1: Position | I1: Position Class | J1: Tues 7/22 Group | K1: Starting Station
A2: Dean Abdullah | B2: OL | C2: Bigs | D2: 1 | E2: Chains With Coach Eli | G2: Jaxon Moore | H2: OL | I2: Bigs | J2: 3 | K2: Build Ups With Coach O'Mary
A3: Miles Bailey | B3: DL | C3: Bigs | D3: 1 | E3: Chains With Coach Eli | G3: Elijah Ortiz | H3: OL | I3: Bigs | J3: 3 | K3: Build Ups With Coach O'Mary
A4: James Gillespie | B4: DL | C4: Bigs | D4: 1 | E4: Chains With Coach Eli | G4: Kenndel Riley | H4: OL | I4: Bigs | J4: 3 | K4: Build Ups With Coach O'Mary
A5: Cade Gretlein | B5: OL | C5: Bigs | D5: 1 | E5: Chains With Coach Eli | G5: Kris Ross | H5: DL | I5: Bigs | J5: 3 | K5: Build Ups With Coach O'Mary
A6: Dylan Hampsten | B6: DL | C6: Bigs | D6: 1 | E6: Chains With Coach Eli | G6: DeAnthony Sheffield | H6: OL | I6: Bigs | J6: 3 | K6: Build Ups With Coach O'Mary
A7: Sawyer Hays | B7: OL | C7: Bigs | D7: 1 | E7: Chains With Coach Eli | G7: Luke Slater | H7: OL | I7: Bigs | J7: 3 | K7: Build Ups With Coach O'Mary
A8: Jordan Herman | B8: OL | C8: Bigs | D8: 1 | E8: Chains With Coach Eli | G8: Jose Soto | H8: OL | I8: Bigs | J8: 3 | K8: Build Ups With Coach O'Mary
A9: Jordan Jefferson | B9: DL | C9: Bigs | D9: 1 | E9: Chains With Coach Eli | G9: Brandon Sousa | H9: OL | I9: Bigs | J9: 3 | K9: Build Ups With Coach O'Mary
A10: Sam Adams II | B10: RB | C10: Mids | D10: 1 | E10: Chains With Coach Eli | G10: Jekob Jones | H10: ILB | I10: Mids | J10: 3 | K10: Build Ups With Coach O'Mary
A11: Davis Ambuehl | B11: TE | C11: Mids | D11: 1 | E11: Chains With Coach Eli | G11: Jamar Malone | H11: QB | I11: Mids | J11: 3 | K11: Build Ups With Coach O'Mary
A12: Hunter Boeddeker | B12: ILB | C12: Mids | D12: 1 | E12: Chains With Coach Eli | G12: Micah Mosley | H12: OLB | I12: Mids | J12: 3 | K12: Build Ups With Coach O'Mary
A13: Curron Borders | B13: RB | C13: Mids | D13: 1 | E13: Chains With Coach Eli | G13: Gavin Nelson | H13: TE | I13: Mids | J13: 3 | K13: Build Ups With Coach O'Mary
... A56: Damien McDaniel | B56: WR | C56: Skills | D56: 2 | E56: Broad Jump With Coach Conner | G56: Mike Melanson | H56: P | I56: Spec | J56: 4 | K56: Vertec Test With Coach Shade and Shanahan
A57: Jaxon Moore | B57: OL | C57: Bigs | D57: 3 | E57: Build Ups With Coach O'Mary
A58: Elijah Ortiz | B58: OL | C58: Bigs | D58: 3 | E58: Build Ups With Coach O'Mary
A59: Kenndel Riley | B59: OL | C59: Bigs | D59: 3 | E59: Build Ups With Coach O'Mary
A60: Kris Ross | B60: DL | C60: Bigs | D60: 3 | E60: Build Ups With Coach O'Mary
A61: DeAnthony Sheffield | B61: OL | C61: Bigs | D61: 3 | E61: Build Ups With Coach O'Mary
A62: Luke Slater | B62: OL | C62: Bigs | D62: 3 | E62: Build Ups With Coach O'Mary
A63: Jose Soto | B63: OL | C63: Bigs | D63: 3 | E63: Build Ups With Coach O'Mary
A64: Brandon Sousa | B64: OL | C64: Bigs | D64: 3 | E64: Build Ups With Coach O'Mary
A65: Jekob Jones | B65: ILB | C65: Mids | D65: 3 | E65: Build Ups With Coach O'Mary
A66: Jamar Malone | B66: QB | C66: Mids | D66: 3 | E66: Build Ups With Coach O'Mary
A67: Micah Mosley | B67: OLB | C67: Mids | D67: 3 | E67: Build Ups With Coach O'Mary
A68: Gavin Nelson | B68: TE | C68: Mids | D68: 3 | E68: Build Ups With Coach O'Mary
... A111: Mike Melanson | B111: P | C111: Spec | D111: 4 | E111: Vertec Test With Coach Shade and Shanahan
C115: {=_xlfn.UNIQUE(Table3[Position Class])} -> Bigs | D115: =COUNTIF(Table3[Position Class],C115) -> 32 | E115: =ROUNDUP(D115/4,0) -> 8
C116: Mids | D116: =COUNTIF(Table3[Position Class],C116) -> 37 | E116: =ROUNDUP(D116/4,0) -> 10
C117: Skills | D117: =COUNTIF(Table3[Position Class],C117) -> 35 | E117: =ROUNDUP(D117/4,0) -> 9
C118: Spec | D118: =COUNTIF(Table3[Position Class],C118) -> 6 | E118: =ROUNDUP(D118/4,0) -> 2
C121: Group | D121: Total | E121: Bigs | F121: Mids | G121: Skills
C122: 1 | D122: =COUNTIF(Table3[Tues 7/22 Group],C122) -> 28 | E122: =COUNTIFS(Table3[Tues 7/22 Group],$C122,Table3[Position Class],E$121) -> 8 | F122: =COUNTIFS(Table3[Tues 7/22 Group],$C122,Table3[Position Class],F$121) -> 11 | G122: =COUNTIFS(Table3[Tues 7/22 Group],$C122,Table3[Position Class],G$121) -> 9
C123: 2 | D123: =COUNTIF(Table3[Tues 7/22 Group],C123) -> 27 | E123: =COUNTIFS(Table3[Tues 7/22 Group],$C123,Table3[Position Class],E$121) -> 8 | F123: =COUNTIFS(Table3[Tues 7/22 Group],$C123,Table3[Position Class],F$121) -> 10 | G123: =COUNTIFS(Table3[Tues 7/22 Group],$C123,Table3[Position Class],G$121) -> 9
C124: 3 | D124: =COUNTIF(Table3[Tues 7/22 Group],C124) -> 27 | E124: =COUNTIFS(Table3[Tues 7/22 Group],$C124,Table3[Position Class],E$121) -> 8 | F124: =COUNTIFS(Table3[Tues 7/22 Group],$C124,Table3[Position Class],F$121) -> 10 | G124: =COUNTIFS(Table3[Tues 7/22 Group],$C124,Table3[Position Class],G$121) -> 9
C125: 4 | D125: =COUNTIF(Table3[Tues 7/22 Group],C125) -> 28 | E125: =COUNTIFS(Table3[Tues 7/22 Group],$C125,Table3[Position Class],E$121) -> 8 | F125: =COUNTIFS(Table3[Tues 7/22 Group],$C125,Table3[Position Class],F$121) -> 6 | G125: =COUNTIFS(Table3[Tues 7/22 Group],$C125,Table3[Position Class],G$121) -> 8

Sheet Vendors
A1: VALD | C1: Kinexon | E1: Perch
A2: Vald Name | B2: Vald_Roster Count | C2: Kinexon | D2: Kinexon_Roster_Count | E2: Perch Name | F2: Perch_Roster Count
A3: Adam Johnston | B3: =IF(COUNTIF('Online Roster'!$B$3:$B$111,Vendors!A3)=0,COUNTIF('Online Roster'!$K$3:$K$111,Vendors!A3),COUNTIF('Online Roster'!$B$3:$B$111,Vendors!A3)) -> 1 | C3: Adam Johnston | D3: =IF(COUNTIF('Online Roster'!$B$3:$B$111,Vendors!C3)=0,COUNTIF('Online Roster'!$K$3:$K$111,Vendors!C3),COUNTIF('Online Roster'!$B$3:$B$111,Vendors!C3)) -> 1
A4: Adam Taylor | B4: =IF(COUNTIF('Online Roster'!$B$3:$B$111,Vendors!A4)=0,COUNTIF('Online Roster'!$K$3:$K$111,Vendors!A4),COUNTIF('Online Roster'!$B$3:$B$111,Vendors!A4)) -> 1 | C4: Adam Taylor | D4: =IF(COUNTIF('Online Roster'!$B$3:$B$111,Vendors!C4)=0,COUNTIF('Online Roster'!$K$3:$K$111,Vendors!C4),COUNTIF('Online Roster'!$B$3:$B$111,Vendors!C4)) -> 1
A5: Aidan Meek | B5: =IF(COUNTIF('Online Roster'!$B$3:$B$111,Vendors!A5)=0,COUNTIF('Online Roster'!$K$3:$K$111,Vendors!A5),COUNTIF('Online Roster'!$B$3:$B$111,Vendors!A5)) -> 1 | C5: Aidan Meek | D5: =IF(COUNTIF('Online Roster'!$B$3:$B$111,Vendors!C5)=0,COUNTIF('Online Roster'!$K$3:$K$111,Vendors!C5),COUNTIF('Online Roster'!$B$3:$B$111,Vendors!C5)) -> 1
A6: Ajon Bryant | B6: =IF(COUNTIF('Online Roster'!$B$3:$B$111,Vendors!A6)=0,COUNTIF('Online Roster'!$K$3:$K$111,Vendors!A6),COUNTIF('Online Roster'!$B$3:$B$111,Vendors!A6)) -> 1 | C6: Ajon Bryant | D6: =IF(COUNTIF('Online Roster'!$B$3:$B$111,Vendors!C6)=0,COUNTIF('Online Roster'!$K$3:$K$111,Vendors!C6),COUNTIF('Online Roster'!$B$3:$B$111,Vendors!C6)) -> 1
A7: Alex Rocha | B7: =IF(COUNTIF('Online Roster'!$B$3:$B$111,Vendors!A7)=0,COUNTIF('Online Roster'!$K$3:$K$111,Vendors!A7),COUNTIF('Online Roster'!$B$3:$B$111,Vendors!A7)) -> 1 | C7: Alex Rocha | D7: =IF(COUNTIF('Online Roster'!$B$3:$B$111,Vendors!C7)=0,COUNTIF('Online Roster'!$K$3:$K$111,Vendors!C7),COUNTIF('Online Roster'!$B$3:$B$111,Vendors!C7)) -> 1
A8: Anta'Veon McKenzie | B8: =IF(COUNTIF('Online Roster'!$B$3:$B$111,Vendors!A8)=0,COUNTIF('Online Roster'!$K$3:$K$111,Vendors!A8),COUNTIF('Online Roster'!$B$3:$B$111,Vendors!A8)) -> 1 | C8: Anta'Veon McKenzie | D8: =IF(COUNTIF('Online Roster'!$B$3:$B$111,Vendors!C8)=0,COUNTIF('Online Roster'!$K$3:$K$111,Vendors!C8),COUNTIF('Online Roster'!$B$3:$B$111,Vendors!C8)) -> 1
A9: Bear Tenney | B9: =IF(COUNTIF('Online Roster'!$B$3:$B$111,Vendors!A9)=0,COUNTIF('Online Roster'!$K$3:$K$111,Vendors!A9),COUNTIF('Online Roster'!$B$3:$B$111,Vendors!A9)) -> 1 | C9: Bear Tenney | D9: =IF(COUNTIF('Online Roster'!$B$3:$B$111,Vendors!C9)=0,COUNTIF('Online Roster'!$K$3:$K$111,Vendors!C9),COUNTIF('Online Roster'!$B$3:$B$111,Vendors!C9)) -> 1
A10: Brandon Sousa | B10: =IF(COUNTIF('Online Roster'!$B$3:$B$111,Vendors!A10)=0,COUNTIF('Online Roster'!$K$3:$K$111,Vendors!A10),COUNTIF('Online Roster'!$B$3:$B$111,Vendors!A10)) -> 1 | C10: Brandon Sousa | D10: =IF(COUNTIF('Online Roster'!$B$3:$B$111,Vendors!C10)=0,COUNTIF('Online Roster'!$K$3:$K$111,Vendors!C10),COUNTIF('Online Roster'!$B$3:$B$111,Vendors!C10)) -> 1
A11: Brennon Scott | B11: =IF(COUNTIF('Online Roster'!$B$3:$B$111,Vendors!A11)=0,COUNTIF('Online Roster'!$K$3:$K$111,Vendors!A11),COUNTIF('Online Roster'!$B$3:$B$111,Vendors!A11)) -> 1 | C11: Brennon Scott | D11: =IF(COUNTIF('Online Roster'!$B$3:$B$111,Vendors!C11)=0,COUNTIF('Online Roster'!$K$3:$K$111,Vendors!C11),COUNTIF('Online Roster'!$B$3:$B$111,Vendors!C11)) -> 1
A12: Brodie Tagaloa | B12: =IF(COUNTIF('Online Roster'!$B$3:$B$111,Vendors!A12)=0,COUNTIF('Online Roster'!$K$3:$K$111,Vendors!A12),COUNTIF('Online Roster'!$B$3:$B$111,Vendors!A12)) -> 1 | C12: Brodie Tagaloa | D12: =IF(COUNTIF('Online Roster'!$B$3:$B$111,Vendors!C12)=0,COUNTIF('Online Roster'!$K$3:$K$111,Vendors!C12),COUNTIF('Online Roster'!$B$3:$B$111,Vendors!C12)) -> 1
A13: Bryson Summers | B13: =IF(COUNTIF('Online Roster'!$B$3:$B$111,Vendors!A13)=0,COUNTIF('Online Roster'!$K$3:$K$111,Vendors!A13),COUNTIF('Online Roster'!$B$3:$B$111,Vendors!A13)) -> 1 | C13: Bryson Summers | D13: =IF(COUNTIF('Online Roster'!$B$3:$B$111,Vendors!C13)=0,COUNTIF('Online Roster'!$K$3:$K$111,Vendors!C13),COUNTIF('Online Roster'!$B$3:$B$111,Vendors!C13)) -> 1
A14: Cade Gretlein | B14: =IF(COUNTIF('Online Roster'!$B$3:$B$111,Vendors!A14)=0,COUNTIF('Online Roster'!$K$3:$K$111,Vendors!A14),COUNTIF('Online Roster'!$B$3:$B$111,Vendors!A14)) -> 1 | C14: Cade Gretlein | D14: =IF(COUNTIF('Online Roster'!$B$3:$B$111,Vendors!C14)=0,COUNTIF('Online Roster'!$K$3:$K$111,Vendors!C14),COUNTIF('Online Roster'!$B$3:$B$111,Vendors!C14)) -> 1
... A112: Mike Melanson | B112: =IF(COUNTIF('Online Roster'!$B$3:$B$111,Vendors!A112)=0,COUNTIF('Online Roster'!$K$3:$K$111,Vendors!A112),COUNTIF('Online Roster'!$B$3:$B$111,Vendors!A112)) -> 1 | C112: Mike Melanson | D112: =IF(COUNTIF('Online Roster'!$B$3:$B$111,Vendors!C112)=0,COUNTIF('Online Roster'!$K$3:$K$111,Vendors!C112),COUNTIF('Online Roster'!$B$3:$B$111,Vendors!C112)) -> 1
C113: Michael Johnson

Sheet Online Roster
A1: 2025 Football Roster
A2: No. | B2: Name | C2: Pos. | D2: Ht. | E2: Wt. | F2: Yr. | G2: Exp. | H2: Hometown | I2: High School | J2: Previous School | K2: Simple Name | L2: Offical Id | M2: Column1 | N2: Year
A3: 13 | B3: Ernest Campbell | C3: WR | D3: 45786 | E3: 145 | F3: R-Fr. | G3: TR | H3: Refugio, Texas | I3: Refugio HS | J3: Texas A&M | K3: {=_xlfn.LET( _xlpm.name, TRIM(B3), _xlpm.nameClean, SUBSTITUTE(SUBSTITUTE(_xlpm.name, ", Jr.", ""), " III", ""), _xlpm.parts, _xlfn.TEXTSPLIT(_xlpm.nameClean, " "), _xlpm.count, COUNTA(_xlpm.parts), _xlpm.first, INDEX(_xlpm.parts, 1), _xlpm.last, INDEX(_xlpm.parts, _xlpm.count), _xlpm.first & " " & _xlpm.last )} -> Ernest Campbell | L3: {=_xlfn.LET( _xlpm.name, TRIM(B3), _xlpm.nameClean, SUBSTITUTE(SUBSTITUTE(_xlpm.name, ", Jr.", ""), " III", ""), _xlpm.parts, _xlfn.TEXTSPLIT(_xlpm.nameClean, " "), _xlpm.count, COUNTA(_xlpm.parts), _xlpm.first, INDEX(_xlpm.parts, 1), _xlpm.last, INDEX(_xlpm.parts, _xlpm.count), _xlpm.result, _xlpm.last & "_" & _xlpm.first & "_25", _xlpm.result )} -> Campbell_Ernest_25 | M3: WR | N3: =Table5[[#This Row],[Yr.]] -> R-Fr.
A4: 8 | B4: Tim Conerly | C4: WR | D4: 45786 | E4: 157 | F4: Sr. | G4: TR | H4: New Orleans, La. | I4: Wright Charter HS | J4: UNLV | K4: {=_xlfn.LET( _xlpm.name, TRIM(B4), _xlpm.nameClean, SUBSTITUTE(SUBSTITUTE(_xlpm.name, ", Jr.", ""), " III", ""), _xlpm.parts, _xlfn.TEXTSPLIT(_xlpm.nameClean, " "), _xlpm.count, COUNTA(_xlpm.parts), _xlpm.first, INDEX(_xlpm.parts, 1), _xlpm.last, INDEX(_xlpm.parts, _xlpm.count), _xlpm.first & " " & _xlpm.last )} -> Tim Conerly | L4: {=_xlfn.LET( _xlpm.name, TRIM(B4), _xlpm.nameClean, SUBSTITUTE(SUBSTITUTE(_xlpm.name, ", Jr.", ""), " III", ""), _xlpm.parts, _xlfn.TEXTSPLIT(_xlpm.nameClean, " "), _xlpm.count, COUNTA(_xlpm.parts), _xlpm.first, INDEX(_xlpm.parts, 1), _xlpm.last, INDEX(_xlpm.parts, _xlpm.count), _xlpm.result, _xlpm.last & "_" & _xlpm.first & "_25", _xlpm.result )} -> Conerly_Tim_25 | M4: WR | N4: =Table5[[#This Row],[Yr.]] -> Sr.
A5: 0 | B5: Ricky Lee III | C5: CB | D5: 45787 | E5: 162 | F5: So. | G5: TR | H5: Atlanta, Ga. | I5: Cedar Grove HS | J5: UAB | K5: {=_xlfn.LET( _xlpm.name, TRIM(B5), _xlpm.nameClean, SUBSTITUTE(SUBSTITUTE(_xlpm.name, ", Jr.", ""), " III", ""), _xlpm.parts, _xlfn.TEXTSPLIT(_xlpm.nameClean, " "), _xlpm.count, COUNTA(_xlpm.parts), _xlpm.first, INDEX(_xlpm.parts, 1), _xlpm.last, INDEX(_xlpm.parts, _xlpm.count), _xlpm.first & " " & _xlpm.last )} -> Ricky Lee | L5: {=_xlfn.LET( _xlpm.name, TRIM(B5), _xlpm.nameClean, SUBSTITUTE(SUBSTITUTE(_xlpm.name, ", Jr.", ""), " III", ""), _xlpm.parts, _xlfn.TEXTSPLIT(_xlpm.nameClean, " "), _xlpm.count, COUNTA(_xlpm.parts), _xlpm.first, INDEX(_xlpm.parts, 1), _xlpm.last, INDEX(_xlpm.parts, _xlpm.count), _xlpm.result, _xlpm.last & "_" & _xlpm.first & "_25", _xlpm.result )} -> Lee_Ricky_25 | M5: CB | N5: =Table5[[#This Row],[Yr.]] -> So.
A6: 17 | B6: Ajon Bryant | C6: RB | D6: 45783 | E6: 162 | F6: R-Fr. | G6: RS | H6: Santa Ana, Calif. | I6: Mater Dei HS | K6: {=_xlfn.LET( _xlpm.name, TRIM(B6), _xlpm.nameClean, SUBSTITUTE(SUBSTITUTE(_xlpm.name, ", Jr.", ""), " III", ""), _xlpm.parts, _xlfn.TEXTSPLIT(_xlpm.nameClean, " "), _xlpm.count, COUNTA(_xlpm.parts), _xlpm.first, INDEX(_xlpm.parts, 1), _xlpm.last, INDEX(_xlpm.parts, _xlpm.count), _xlpm.first & " " & _xlpm.last )} -> Ajon Bryant | L6: {=_xlfn.LET( _xlpm.name, TRIM(B6), _xlpm.nameClean, SUBSTITUTE(SUBSTITUTE(_xlpm.name, ", Jr.", ""), " III", ""), _xlpm.parts, _xlfn.TEXTSPLIT(_xlpm.nameClean, " "), _xlpm.count, COUNTA(_xlpm.parts), _xlpm.first, INDEX(_xlpm.parts, 1), _xlpm.last, INDEX(_xlpm.parts, _xlpm.count), _xlpm.result, _xlpm.last & "_" & _xlpm.first & "_25", _xlpm.result )} -> Bryant_Ajon_25 | M6: RB | N6: =Table5[[#This Row],[Yr.]] -> R-Fr.
A7: 20 | B7: Adam Taylor | C7: CB | D7: 45787 | E7: 164 | F7: R-Fr. | G7: RS | H7: Stockton, Calif. | I7: St. Mary's HS | K7: {=_xlfn.LET( _xlpm.name, TRIM(B7), _xlpm.nameClean, SUBSTITUTE(SUBSTITUTE(_xlpm.name, ", Jr.", ""), " III", ""), _xlpm.parts, _xlfn.TEXTSPLIT(_xlpm.nameClean, " "), _xlpm.count, COUNTA(_xlpm.parts), _xlpm.first, INDEX(_xlpm.parts, 1), _xlpm.last, INDEX(_xlpm.parts, _xlpm.count), _xlpm.first & " " & _xlpm.last )} -> Adam Taylor | L7: {=_xlfn.LET( _xlpm.name, TRIM(B7), _xlpm.nameClean, SUBSTITUTE(SUBSTITUTE(_xlpm.name, ", Jr.", ""), " III", ""), _xlpm.parts, _xlfn.TEXTSPLIT(_xlpm.nameClean, " "), _xlpm.count, COUNTA(_xlpm.parts), _xlpm.first, INDEX(_xlpm.parts, 1), _xlpm.last, INDEX(_xlpm.parts, _xlpm.count), _xlpm.result, _xlpm.last & "_" & _xlpm.first & "_25", _xlpm.result )} -> Taylor_Adam_25 | M7: CB | N7: =Table5[[#This Row],[Yr.]] -> R-Fr.
A8: 1 | B8: Jamar Curtis | C8: RB | D8: 45785 | E8: 169 | F8: Sr. | G8: TR | H8: Waldorf, Md. | I8: St. John's College HS | J8: Lafayette | K8: {=_xlfn.LET( _xlpm.name, TRIM(B8), _xlpm.nameClean, SUBSTITUTE(SUBSTITUTE(_xlpm.name, ", Jr.", ""), " III", ""), _xlpm.parts, _xlfn.TEXTSPLIT(_xlpm.nameClean, " "), _xlpm.count, COUNTA(_xlpm.parts), _xlpm.first, INDEX(_xlpm.parts, 1), _xlpm.last, INDEX(_xlpm.parts, _xlpm.count), _xlpm.first & " " & _xlpm.last )} -> Jamar Curtis | L8: {=_xlfn.LET( _xlpm.name, TRIM(B8), _xlpm.nameClean, SUBSTITUTE(SUBSTITUTE(_xlpm.name, ", Jr.", ""), " III", ""), _xlpm.parts, _xlfn.TEXTSPLIT(_xlpm.nameClean, " "), _xlpm.count, COUNTA(_xlpm.parts), _xlpm.first, INDEX(_xlpm.parts, 1), _xlpm.last, INDEX(_xlpm.parts, _xlpm.count), _xlpm.result, _xlpm.last & "_" & _xlpm.first & "_25", _xlpm.result )} -> Curtis_Jamar_25 | M8: RB | N8: =Table5[[#This Row],[Yr.]] -> Sr.
A9: 83 | B9: Jaxon Fresques | C9: WR | D9: 45784 | E9: 169 | F9: Fr. | G9: HS | H9: Layton, Utah | I9: Northridge HS | K9: {=_xlfn.LET( _xlpm.name, TRIM(B9), _xlpm.nameClean, SUBSTITUTE(SUBSTITUTE(_xlpm.name, ", Jr.", ""), " III", ""), _xlpm.parts, _xlfn.TEXTSPLIT(_xlpm.nameClean, " "), _xlpm.count, COUNTA(_xlpm.parts), _xlpm.first, INDEX(_xlpm.parts, 1), _xlpm.last, INDEX(_xlpm.parts, _xlpm.count), _xlpm.first & " " & _xlpm.last )} -> Jaxon Fresques | L9: {=_xlfn.LET( _xlpm.name, TRIM(B9), _xlpm.nameClean, SUBSTITUTE(SUBSTITUTE(_xlpm.name, ", Jr.", ""), " III", ""), _xlpm.parts, _xlfn.TEXTSPLIT(_xlpm.nameClean, " "), _xlpm.count, COUNTA(_xlpm.parts), _xlpm.first, INDEX(_xlpm.parts, 1), _xlpm.last, INDEX(_xlpm.parts, _xlpm.count), _xlpm.result, _xlpm.last & "_" & _xlpm.first & "_25", _xlpm.result )} -> Fresques_Jaxon_25 | M9: WR | N9: =Table5[[#This Row],[Yr.]] -> Fr.
A10: 18 | B10: Tye Nickens | C10: WR | D10: 45788 | E10: 170 | F10: Fr. | G10: HS | H10: Petaluma, Calif. | I10: St. Vincent DePaul HS | K10: {=_xlfn.LET( _xlpm.name, TRIM(B10), _xlpm.nameClean, SUBSTITUTE(SUBSTITUTE(_xlpm.name, ", Jr.", ""), " III", ""), _xlpm.parts, _xlfn.TEXTSPLIT(_xlpm.nameClean, " "), _xlpm.count, COUNTA(_xlpm.parts), _xlpm.first, INDEX(_xlpm.parts, 1), _xlpm.last, INDEX(_xlpm.parts, _xlpm.count), _xlpm.first & " " & _xlpm.last )} -> Tye Nickens | L10: {=_xlfn.LET( _xlpm.name, TRIM(B10), _xlpm.nameClean, SUBSTITUTE(SUBSTITUTE(_xlpm.name, ", Jr.", ""), " III", ""), _xlpm.parts, _xlfn.TEXTSPLIT(_xlpm.nameClean, " "), _xlpm.count, COUNTA(_xlpm.parts), _xlpm.first, INDEX(_xlpm.parts, 1), _xlpm.last, INDEX(_xlpm.parts, _xlpm.count), _xlpm.result, _xlpm.last & "_" & _xlpm.first & "_25", _xlpm.result )} -> Nickens_Tye_25 | M10: WR | N10: =Table5[[#This Row],[Yr.]] -> Fr.
A11: 22 | B11: Jaquail Smith | C11: RB | D11: 45788 | E11: 171 | F11: Fr. | G11: HS | H11: Orlando, Fla. | I11: Jones HS | K11: {=_xlfn.LET( _xlpm.name, TRIM(B11), _xlpm.nameClean, SUBSTITUTE(SUBSTITUTE(_xlpm.name, ", Jr.", ""), " III", ""), _xlpm.parts, _xlfn.TEXTSPLIT(_xlpm.nameClean, " "), _xlpm.count, COUNTA(_xlpm.parts), _xlpm.first, INDEX(_xlpm.parts, 1), _xlpm.last, INDEX(_xlpm.parts, _xlpm.count), _xlpm.first & " " & _xlpm.last )} -> Jaquail Smith | L11: {=_xlfn.LET( _xlpm.name, TRIM(B11), _xlpm.nameClean, SUBSTITUTE(SUBSTITUTE(_xlpm.name, ", Jr.", ""), " III", ""), _xlpm.parts, _xlfn.TEXTSPLIT(_xlpm.nameClean, " "), _xlpm.count, COUNTA(_xlpm.parts), _xlpm.first, INDEX(_xlpm.parts, 1), _xlpm.last, INDEX(_xlpm.parts, _xlpm.count), _xlpm.result, _xlpm.last & "_" & _xlpm.first & "_25", _xlpm.result )} -> Smith_Jaquail_25 | M11: RB | N11: =Table5[[#This Row],[Yr.]] -> Fr.
A12: 3 | B12: Jordan Anderson | C12: WR | D12: 45788 | E12: 172 | F12: R-Fr. | G12: TR | H12: Inglewood, Calif. | I12: Newport Harbor HS | J12: Oregon State | K12: {=_xlfn.LET( _xlpm.name, TRIM(B12), _xlpm.nameClean, SUBSTITUTE(SUBSTITUTE(_xlpm.name, ", Jr.", ""), " III", ""), _xlpm.parts, _xlfn.TEXTSPLIT(_xlpm.nameClean, " "), _xlpm.count, COUNTA(_xlpm.parts), _xlpm.first, INDEX(_xlpm.parts, 1), _xlpm.last, INDEX(_xlpm.parts, _xlpm.count), _xlpm.first & " " & _xlpm.last )} -> Jordan Anderson | L12: {=_xlfn.LET( _xlpm.name, TRIM(B12), _xlpm.nameClean, SUBSTITUTE(SUBSTITUTE(_xlpm.name, ", Jr.", ""), " III", ""), _xlpm.parts, _xlfn.TEXTSPLIT(_xlpm.nameClean, " "), _xlpm.count, COUNTA(_xlpm.parts), _xlpm.first, INDEX(_xlpm.parts, 1), _xlpm.last, INDEX(_xlpm.parts, _xlpm.count), _xlpm.result, _xlpm.last & "_" & _xlpm.first & "_25", _xlpm.result )} -> Anderson_Jordan_25 | M12: WR | N12: =Table5[[#This Row],[Yr.]] -> R-Fr.
A13: 81 | B13: Tre Fernandez | C13: WR | D13: 36678 | E13: 172 | F13: Fr. | G13: HS | H13: Sherman Oaks, Calif. | I13: Notre Dame HS | K13: {=_xlfn.LET( _xlpm.name, TRIM(B13), _xlpm.nameClean, SUBSTITUTE(SUBSTITUTE(_xlpm.name, ", Jr.", ""), " III", ""), _xlpm.parts, _xlfn.TEXTSPLIT(_xlpm.nameClean, " "), _xlpm.count, COUNTA(_xlpm.parts), _xlpm.first, INDEX(_xlpm.parts, 1), _xlpm.last, INDEX(_xlpm.parts, _xlpm.count), _xlpm.first & " " & _xlpm.last )} -> Tre Fernandez | L13: {=_xlfn.LET( _xlpm.name, TRIM(B13), _xlpm.nameClean, SUBSTITUTE(SUBSTITUTE(_xlpm.name, ", Jr.", ""), " III", ""), _xlpm.parts, _xlfn.TEXTSPLIT(_xlpm.nameClean, " "), _xlpm.count, COUNTA(_xlpm.parts), _xlpm.first, INDEX(_xlpm.parts, 1), _xlpm.last, INDEX(_xlpm.parts, _xlpm.count), _xlpm.result, _xlpm.last & "_" & _xlpm.first & "_25", _xlpm.result )} -> Fernandez_Tre_25 | M13: WR | N13: =Table5[[#This Row],[Yr.]] -> Fr.
A14: 4 | B14: Diesel Gordon | C14: S | D14: 36678 | E14: 175 | F14: R-So. | G14: JC | H14: Arlington, Texas | I14: Seguin HS | J14: Butler JC | K14: {=_xlfn.LET( _xlpm.name, TRIM(B14), _xlpm.nameClean, SUBSTITUTE(SUBSTITUTE(_xlpm.name, ", Jr.", ""), " III", ""), _xlpm.parts, _xlfn.TEXTSPLIT(_xlpm.nameClean, " "), _xlpm.count, COUNTA(_xlpm.parts), _xlpm.first, INDEX(_xlpm.parts, 1), _xlpm.last, INDEX(_xlpm.parts, _xlpm.count), _xlpm.first & " " & _xlpm.last )} -> Diesel Gordon | L14: {=_xlfn.LET( _xlpm.name, TRIM(B14), _xlpm.nameClean, SUBSTITUTE(SUBSTITUTE(_xlpm.name, ", Jr.", ""), " III", ""), _xlpm.parts, _xlfn.TEXTSPLIT(_xlpm.nameClean, " "), _xlpm.count, COUNTA(_xlpm.parts), _xlpm.first, INDEX(_xlpm.parts, 1), _xlpm.last, INDEX(_xlpm.parts, _xlpm.count), _xlpm.result, _xlpm.last & "_" & _xlpm.first & "_25", _xlpm.result )} -> Gordon_Diesel_25 | M14: S | N14: =Table5[[#This Row],[Yr.]] -> R-So.
A15: 12 | B15: Jason Oliver | C15: CB | D15: 36678 | E15: 175 | F15: Jr. | G15: 2V | H15: Bakersfield, Calif. | I15: Liberty HS | J15: Colorado | K15: {=_xlfn.LET( _xlpm.name, TRIM(B15), _xlpm.nameClean, SUBSTITUTE(SUBSTITUTE(_xlpm.name, ", Jr.", ""), " III", ""), _xlpm.parts, _xlfn.TEXTSPLIT(_xlpm.nameClean, " "), _xlpm.count, COUNTA(_xlpm.parts), _xlpm.first, INDEX(_xlpm.parts, 1), _xlpm.last, INDEX(_xlpm.parts, _xlpm.count), _xlpm.first & " " & _xlpm.last )} -> Jason Oliver | L15: {=_xlfn.LET( _xlpm.name, TRIM(B15), _xlpm.nameClean, SUBSTITUTE(SUBSTITUTE(_xlpm.name, ", Jr.", ""), " III", ""), _xlpm.parts, _xlfn.TEXTSPLIT(_xlpm.nameClean, " "), _xlpm.count, COUNTA(_xlpm.parts), _xlpm.first, INDEX(_xlpm.parts, 1), _xlpm.last, INDEX(_xlpm.parts, _xlpm.count), _xlpm.result, _xlpm.last & "_" & _xlpm.first & "_25", _xlpm.result )} -> Oliver_Jason_25 | M15: CB | N15: =Table5[[#This Row],[Yr.]] -> Jr.
A16: 22 | B16: Elias Mullican | C16: CB | D16: 45809 | E16: 176 | F16: Jr. | G16: 2V | H16: Rocklin, Calif. | I16: Rocklin HS | K16: {=_xlfn.LET( _xlpm.name, TRIM(B16), _xlpm.nameClean, SUBSTITUTE(SUBSTITUTE(_xlpm.name, ", Jr.", ""), " III", ""), _xlpm.parts, _xlfn.TEXTSPLIT(_xlpm.nameClean, " "), _xlpm.count, COUNTA(_xlpm.parts), _xlpm.first, INDEX(_xlpm.parts, 1), _xlpm.last, INDEX(_xlpm.parts, _xlpm.count), _xlpm.first & " " & _xlpm.last )} -> Elias Mullican | L16: {=_xlfn.LET( _xlpm.name, TRIM(B16), _xlpm.nameClean, SUBSTITUTE(SUBSTITUTE(_xlpm.name, ", Jr.", ""), " III", ""), _xlpm.parts, _xlfn.TEXTSPLIT(_xlpm.nameClean, " "), _xlpm.count, COUNTA(_xlpm.parts), _xlpm.first, INDEX(_xlpm.parts, 1), _xlpm.last, INDEX(_xlpm.parts, _xlpm.count), _xlpm.result, _xlpm.last & "_" & _xlpm.first & "_25", _xlpm.result )} -> Mullican_Elias_25 | M16: CB | N16: =Table5[[#This Row],[Yr.]] -> Jr.
A17: 24 | B17: Lono Chouteau | C17: S | D17: 45812 | E17: 178 | F17: Fr. | G17: HS | H17: Sacramento, Calif. | I17: Inderkum HS | K17: {=_xlfn.LET( _xlpm.name, TRIM(B17), _xlpm.nameClean, SUBSTITUTE(SUBSTITUTE(_xlpm.name, ", Jr.", ""), " III", ""), _xlpm.parts, _xlfn.TEXTSPLIT(_xlpm.nameClean, " "), _xlpm.count, COUNTA(_xlpm.parts), _xlpm.first, INDEX(_xlpm.parts, 1), _xlpm.last, INDEX(_xlpm.parts, _xlpm.count), _xlpm.first & " " & _xlpm.last )} -> Lono Chouteau | L17: {=_xlfn.LET( _xlpm.name, TRIM(B17), _xlpm.nameClean, SUBSTITUTE(SUBSTITUTE(_xlpm.name, ", Jr.", ""), " III", ""), _xlpm.parts, _xlfn.TEXTSPLIT(_xlpm.nameClean, " "), _xlpm.count, COUNTA(_xlpm.parts), _xlpm.first, INDEX(_xlpm.parts, 1), _xlpm.last, INDEX(_xlpm.parts, _xlpm.count), _xlpm.result, _xlpm.last & "_" & _xlpm.first & "_25", _xlpm.result )} -> Chouteau_Lono_25 | M17: S | N17: =Table5[[#This Row],[Yr.]] -> Fr.
A18: 7 | B18: Cardell Williams | C18: QB | D18: 45810 | E18: 181 | F18: Jr. | G18: TR | H18: Houston, Texas | I18: Westfield HS | J18: Tulsa | K18: {=_xlfn.LET( _xlpm.name, TRIM(B18), _xlpm.nameClean, SUBSTITUTE(SUBSTITUTE(_xlpm.name, ", Jr.", ""), " III", ""), _xlpm.parts, _xlfn.TEXTSPLIT(_xlpm.nameClean, " "), _xlpm.count, COUNTA(_xlpm.parts), _xlpm.first, INDEX(_xlpm.parts, 1), _xlpm.last, INDEX(_xlpm.parts, _xlpm.count), _xlpm.first & " " & _xlpm.last )} -> Cardell Williams | L18: {=_xlfn.LET( _xlpm.name, TRIM(B18), _xlpm.nameClean, SUBSTITUTE(SUBSTITUTE(_xlpm.name, ", Jr.", ""), " III", ""), _xlpm.parts, _xlfn.TEXTSPLIT(_xlpm.nameClean, " "), _xlpm.count, COUNTA(_xlpm.parts), _xlpm.first, INDEX(_xlpm.parts, 1), _xlpm.last, INDEX(_xlpm.parts, _xlpm.count), _xlpm.result, _xlpm.last & "_" & _xlpm.first & "_25", _xlpm.result )} -> Williams_Cardell_25 | M18: QB | N18: =Table5[[#This Row],[Yr.]] -> Jr.
A19: 49 | B19: Grant Meadors | C19: K | D19: 45788 | E19: 181 | F19: So. | G19: TR | H19: Bakersfield, Calif. | I19: Liberty HS | J19: Oregon | K19: {=_xlfn.LET( _xlpm.name, TRIM(B19), _xlpm.nameClean, SUBSTITUTE(SUBSTITUTE(_xlpm.name, ", Jr.", ""), " III", ""), _xlpm.parts, _xlfn.TEXTSPLIT(_xlpm.nameClean, " "), _xlpm.count, COUNTA(_xlpm.parts), _xlpm.first, INDEX(_xlpm.parts, 1), _xlpm.last, INDEX(_xlpm.parts, _xlpm.count), _xlpm.first & " " & _xlpm.last )} -> Grant Meadors | L19: {=_xlfn.LET( _xlpm.name, TRIM(B19), _xlpm.nameClean, SUBSTITUTE(SUBSTITUTE(_xlpm.name, ", Jr.", ""), " III", ""), _xlpm.parts, _xlfn.TEXTSPLIT(_xlpm.nameClean, " "), _xlpm.count, COUNTA(_xlpm.parts), _xlpm.first, INDEX(_xlpm.parts, 1), _xlpm.last, INDEX(_xlpm.parts, _xlpm.count), _xlpm.result, _xlpm.last & "_" & _xlpm.first & "_25", _xlpm.result )} -> Meadors_Grant_25 | M19: K | N19: =Table5[[#This Row],[Yr.]] -> So.
A20: 5 | B20: Jaden Rashada | C20: QB | D20: 45812 | E20: 183 | F20: R-So. | G20: TR | H20: Pittsburg, Calif. | I20: Pittsburg HS | J20: Georgia | K20: {=_xlfn.LET( _xlpm.name, TRIM(B20), _xlpm.nameClean, SUBSTITUTE(SUBSTITUTE(_xlpm.name, ", Jr.", ""), " III", ""), _xlpm.parts, _xlfn.TEXTSPLIT(_xlpm.nameClean, " "), _xlpm.count, COUNTA(_xlpm.parts), _xlpm.first, INDEX(_xlpm.parts, 1), _xlpm.last, INDEX(_xlpm.parts, _xlpm.count), _xlpm.first & " " & _xlpm.last )} -> Jaden Rashada | L20: {=_xlfn.LET( _xlpm.name, TRIM(B20), _xlpm.nameClean, SUBSTITUTE(SUBSTITUTE(_xlpm.name, ", Jr.", ""), " III", ""), _xlpm.parts, _xlfn.TEXTSPLIT(_xlpm.nameClean, " "), _xlpm.count, COUNTA(_xlpm.parts), _xlpm.first, INDEX(_xlpm.parts, 1), _xlpm.last, INDEX(_xlpm.parts, _xlpm.count), _xlpm.result, _xlpm.last & "_" & _xlpm.first & "_25", _xlpm.result )} -> Rashada_Jaden_25 | M20: QB | N20: =Table5[[#This Row],[Yr.]] -> R-So.
A21: 99 | B21: Joseph Firebaugh | C21: K | D21: 45810 | E21: 184 | F21: Jr. | G21: TR | H21: San Diego, Calif. | I21: Otay Ranch HS | J21: UCLA | K21: {=_xlfn.LET( _xlpm.name, TRIM(B21), _xlpm.nameClean, SUBSTITUTE(SUBSTITUTE(_xlpm.name, ", Jr.", ""), " III", ""), _xlpm.parts, _xlfn.TEXTSPLIT(_xlpm.nameClean, " "), _xlpm.count, COUNTA(_xlpm.parts), _xlpm.first, INDEX(_xlpm.parts, 1), _xlpm.last, INDEX(_xlpm.parts, _xlpm.count), _xlpm.first & " " & _xlpm.last )} -> Joseph Firebaugh | L21: {=_xlfn.LET( _xlpm.name, TRIM(B21), _xlpm.nameClean, SUBSTITUTE(SUBSTITUTE(_xlpm.name, ", Jr.", ""), " III", ""), _xlpm.parts, _xlfn.TEXTSPLIT(_xlpm.nameClean, " "), _xlpm.count, COUNTA(_xlpm.parts), _xlpm.first, INDEX(_xlpm.parts, 1), _xlpm.last, INDEX(_xlpm.parts, _xlpm.count), _xlpm.result, _xlpm.last & "_" & _xlpm.first & "_25", _xlpm.result )} -> Firebaugh_Joseph_25 | M21: K | N21: =Table5[[#This Row],[Yr.]] -> Jr.
A22: 9 | B22: Damien McDaniel | C22: WR | D22: 36678 | E22: 185 | F22: R-Fr. | G22: TR | H22: Hitchcock, Texas | I22: Hitchcock HS | J22: UNLV | K22: {=_xlfn.LET( _xlpm.name, TRIM(B22), _xlpm.nameClean, SUBSTITUTE(SUBSTITUTE(_xlpm.name, ", Jr.", ""), " III", ""), _xlpm.parts, _xlfn.TEXTSPLIT(_xlpm.nameClean, " "), _xlpm.count, COUNTA(_xlpm.parts), _xlpm.first, INDEX(_xlpm.parts, 1), _xlpm.last, INDEX(_xlpm.parts, _xlpm.count), _xlpm.first & " " & _xlpm.last )} -> Damien McDaniel | L22: {=_xlfn.LET( _xlpm.name, TRIM(B22), _xlpm.nameClean, SUBSTITUTE(SUBSTITUTE(_xlpm.name, ", Jr.", ""), " III", ""), _xlpm.parts, _xlfn.TEXTSPLIT(_xlpm.nameClean, " "), _xlpm.count, COUNTA(_xlpm.parts), _xlpm.first, INDEX(_xlpm.parts, 1), _xlpm.last, INDEX(_xlpm.parts, _xlpm.count), _xlpm.result, _xlpm.last & "_" & _xlpm.first & "_25", _xlpm.result )} -> McDaniel_Damien_25 | M22: WR | N22: =Table5[[#This Row],[Yr.]] -> R-Fr.
A23: 10 | B23: Jayden Robinson | C23: CB | D23: 45810 | E23: 185 | F23: Jr. | G23: JC | H23: Suisun City, Calif. | I23: Vanden HS | J23: Foothill JC | K23: {=_xlfn.LET( _xlpm.name, TRIM(B23), _xlpm.nameClean, SUBSTITUTE(SUBSTITUTE(_xlpm.name, ", Jr.", ""), " III", ""), _xlpm.parts, _xlfn.TEXTSPLIT(_xlpm.nameClean, " "), _xlpm.count, COUNTA(_xlpm.parts), _xlpm.first, INDEX(_xlpm.parts, 1), _xlpm.last, INDEX(_xlpm.parts, _xlpm.count), _xlpm.first & " " & _xlpm.last )} -> Jayden Robinson | L23: {=_xlfn.LET( _xlpm.name, TRIM(B23), _xlpm.nameClean, SUBSTITUTE(SUBSTITUTE(_xlpm.name, ", Jr.", ""), " III", ""), _xlpm.parts, _xlfn.TEXTSPLIT(_xlpm.nameClean, " "), _xlpm.count, COUNTA(_xlpm.parts), _xlpm.first, INDEX(_xlpm.parts, 1), _xlpm.last, INDEX(_xlpm.parts, _xlpm.count), _xlpm.result, _xlpm.last & "_" & _xlpm.first & "_25", _xlpm.result )} -> Robinson_Jayden_25 | M23: CB | N23: =Table5[[#This Row],[Yr.]] -> Jr.
A24: 11 | B24: Jamal Hood | C24: S | D24: 36678 | E24: 185 | F24: Jr. | G24: JC | H24: Kettering, Md. | I24: St. Francis HS | J24: Highlands CC | K24: {=_xlfn.LET( _xlpm.name, TRIM(B24), _xlpm.nameClean, SUBSTITUTE(SUBSTITUTE(_xlpm.name, ", Jr.", ""), " III", ""), _xlpm.parts, _xlfn.TEXTSPLIT(_xlpm.nameClean, " "), _xlpm.count, COUNTA(_xlpm.parts), _xlpm.first, INDEX(_xlpm.parts, 1), _xlpm.last, INDEX(_xlpm.parts, _xlpm.count), _xlpm.first & " " & _xlpm.last )} -> Jamal Hood | L24: {=_xlfn.LET( _xlpm.name, TRIM(B24), _xlpm.nameClean, SUBSTITUTE(SUBSTITUTE(_xlpm.name, ", Jr.", ""), " III", ""), _xlpm.parts, _xlfn.TEXTSPLIT(_xlpm.nameClean, " "), _xlpm.count, COUNTA(_xlpm.parts), _xlpm.first, INDEX(_xlpm.parts, 1), _xlpm.last, INDEX(_xlpm.parts, _xlpm.count), _xlpm.result, _xlpm.last & "_" & _xlpm.first & "_25", _xlpm.result )} -> Hood_Jamal_25 | M24: S | N24: =Table5[[#This Row],[Yr.]] -> Jr.
A25: 40 | B25: Caleb Reese | C25: CB | D25: 36678 | E25: 185 | F25: Fr. | G25: HS | H25: Oceanside, Calif. | I25: San Marcos HS | K25: {=_xlfn.LET( _xlpm.name, TRIM(B25), _xlpm.nameClean, SUBSTITUTE(SUBSTITUTE(_xlpm.name, ", Jr.", ""), " III", ""), _xlpm.parts, _xlfn.TEXTSPLIT(_xlpm.nameClean, " "), _xlpm.count, COUNTA(_xlpm.parts), _xlpm.first, INDEX(_xlpm.parts, 1), _xlpm.last, INDEX(_xlpm.parts, _xlpm.count), _xlpm.first & " " & _xlpm.last )} -> Caleb Reese | L25: {=_xlfn.LET( _xlpm.name, TRIM(B25), _xlpm.nameClean, SUBSTITUTE(SUBSTITUTE(_xlpm.name, ", Jr.", ""), " III", ""), _xlpm.parts, _xlfn.TEXTSPLIT(_xlpm.nameClean, " "), _xlpm.count, COUNTA(_xlpm.parts), _xlpm.first, INDEX(_xlpm.parts, 1), _xlpm.last, INDEX(_xlpm.parts, _xlpm.count), _xlpm.result, _xlpm.last & "_" & _xlpm.first & "_25", _xlpm.result )} -> Reese_Caleb_25 | M25: CB | N25: =Table5[[#This Row],[Yr.]] -> Fr.
A26: 37 | B26: Connor McDowell | C26: LS | D26: 36678 | E26: 186 | F26: Sr. | G26: TR | H26: Los Angeles, Calif. | I26: Loyola HS | J26: Angelo State | K26: {=_xlfn.LET( _xlpm.name, TRIM(B26), _xlpm.nameClean, SUBSTITUTE(SUBSTITUTE(_xlpm.name, ", Jr.", ""), " III", ""), _xlpm.parts, _xlfn.TEXTSPLIT(_xlpm.nameClean, " "), _xlpm.count, COUNTA(_xlpm.parts), _xlpm.first, INDEX(_xlpm.parts, 1), _xlpm.last, INDEX(_xlpm.parts, _xlpm.count), _xlpm.first & " " & _xlpm.last )} -> Connor McDowell | L26: {=_xlfn.LET( _xlpm.name, TRIM(B26), _xlpm.nameClean, SUBSTITUTE(SUBSTITUTE(_xlpm.name, ", Jr.", ""), " III", ""), _xlpm.parts, _xlfn.TEXTSPLIT(_xlpm.nameClean, " "), _xlpm.count, COUNTA(_xlpm.parts), _xlpm.first, INDEX(_xlpm.parts, 1), _xlpm.last, INDEX(_xlpm.parts, _xlpm.count), _xlpm.result, _xlpm.last & "_" & _xlpm.first & "_25", _xlpm.result )} -> McDowell_Connor_25 | M26: LS | N26: =Table5[[#This Row],[Yr.]] -> Sr.
A27: 63 | B27: Mike Melanson | C27: P | D27: 45788 | E27: 186 | F27: Sr. | G27: 1V | H27: Las Vegas, Nev. | I27: Las Vegas HS | J27: Sequioas JC | K27: {=_xlfn.LET( _xlpm.name, TRIM(B27), _xlpm.nameClean, SUBSTITUTE(SUBSTITUTE(_xlpm.name, ", Jr.", ""), " III", ""), _xlpm.parts, _xlfn.TEXTSPLIT(_xlpm.nameClean, " "), _xlpm.count, COUNTA(_xlpm.parts), _xlpm.first, INDEX(_xlpm.parts, 1), _xlpm.last, INDEX(_xlpm.parts, _xlpm.count), _xlpm.first & " " & _xlpm.last )} -> Mike Melanson | L27: {=_xlfn.LET( _xlpm.name, TRIM(B27), _xlpm.nameClean, SUBSTITUTE(SUBSTITUTE(_xlpm.name, ", Jr.", ""), " III", ""), _xlpm.parts, _xlfn.TEXTSPLIT(_xlpm.nameClean, " "), _xlpm.count, COUNTA(_xlpm.parts), _xlpm.first, INDEX(_xlpm.parts, 1), _xlpm.last, INDEX(_xlpm.parts, _xlpm.count), _xlpm.result, _xlpm.last & "_" & _xlpm.first & "_25", _xlpm.result )} -> Melanson_Mike_25 | M27: P | N27: =Table5[[#This Row],[Yr.]] -> Sr.
A28: 27 | B28: Mike Taylor | C28: ILB | D28: 45811 | E28: 187 | F28: Fr. | G28: HS | H28: East St. Louis, Ill. | I28: East St. Louis HS | K28: {=_xlfn.LET( _xlpm.name, TRIM(B28), _xlpm.nameClean, SUBSTITUTE(SUBSTITUTE(_xlpm.name, ", Jr.", ""), " III", ""), _xlpm.parts, _xlfn.TEXTSPLIT(_xlpm.nameClean, " "), _xlpm.count, COUNTA(_xlpm.parts), _xlpm.first, INDEX(_xlpm.parts, 1), _xlpm.last, INDEX(_xlpm.parts, _xlpm.count), _xlpm.first & " " & _xlpm.last )} -> Mike Taylor | L28: {=_xlfn.LET( _xlpm.name, TRIM(B28), _xlpm.nameClean, SUBSTITUTE(SUBSTITUTE(_xlpm.name, ", Jr.", ""), " III", ""), _xlpm.parts, _xlfn.TEXTSPLIT(_xlpm.nameClean, " "), _xlpm.count, COUNTA(_xlpm.parts), _xlpm.first, INDEX(_xlpm.parts, 1), _xlpm.last, INDEX(_xlpm.parts, _xlpm.count), _xlpm.result, _xlpm.last & "_" & _xlpm.first & "_25", _xlpm.result )} -> Taylor_Mike_25 | M28: ILB | N28: =Table5[[#This Row],[Yr.]] -> Fr.
A29: 6 | B29: Warren Smith, Jr. | C29: CB | D29: 45809 | E29: 188 | F29: R-So. | G29: TR | H29: Richmond, Calif. | I29: El Cerrito HS | J29: Washington State | K29: {=_xlfn.LET( _xlpm.name, TRIM(B29), _xlpm.nameClean, SUBSTITUTE(SUBSTITUTE(_xlpm.name, ", Jr.", ""), " III", ""), _xlpm.parts, _xlfn.TEXTSPLIT(_xlpm.nameClean, " "), _xlpm.count, COUNTA(_xlpm.parts), _xlpm.first, INDEX(_xlpm.parts, 1), _xlpm.last, INDEX(_xlpm.parts, _xlpm.count), _xlpm.first & " " & _xlpm.last )} -> Warren Smith | L29: {=_xlfn.LET( _xlpm.name, TRIM(B29), _xlpm.nameClean, SUBSTITUTE(SUBSTITUTE(_xlpm.name, ", Jr.", ""), " III", ""), _xlpm.parts, _xlfn.TEXTSPLIT(_xlpm.nameClean, " "), _xlpm.count, COUNTA(_xlpm.parts), _xlpm.first, INDEX(_xlpm.parts, 1), _xlpm.last, INDEX(_xlpm.parts, _xlpm.count), _xlpm.result, _xlpm.last & "_" & _xlpm.first & "_25", _xlpm.result )} -> Smith_Warren_25 | M29: CB | N29: =Table5[[#This Row],[Yr.]] -> R-So.
A30: 12 | B30: Onterrio Smith, Jr. | C30: WR | D30: 45810 | E30: 188 | F30: So. | G30: 1V | H30: Sacramento, Calif. | I30: Folsom HS | K30: {=_xlfn.LET( _xlpm.name, TRIM(B30), _xlpm.nameClean, SUBSTITUTE(SUBSTITUTE(_xlpm.name, ", Jr.", ""), " III", ""), _xlpm.parts, _xlfn.TEXTSPLIT(_xlpm.nameClean, " "), _xlpm.count, COUNTA(_xlpm.parts), _xlpm.first, INDEX(_xlpm.parts, 1), _xlpm.last, INDEX(_xlpm.parts, _xlpm.count), _xlpm.first & " " & _xlpm.last )} -> Onterrio Smith | L30: {=_xlfn.LET( _xlpm.name, TRIM(B30), _xlpm.nameClean, SUBSTITUTE(SUBSTITUTE(_xlpm.name, ", Jr.", ""), " III", ""), _xlpm.parts, _xlfn.TEXTSPLIT(_xlpm.nameClean, " "), _xlpm.count, COUNTA(_xlpm.parts), _xlpm.first, INDEX(_xlpm.parts, 1), _xlpm.last, INDEX(_xlpm.parts, _xlpm.count), _xlpm.result, _xlpm.last & "_" & _xlpm.first & "_25", _xlpm.result )} -> Smith_Onterrio_25 | M30: WR | N30: =Table5[[#This Row],[Yr.]] -> So.
A31: 29 | B31: Koa Akui | C31: S | D31: 45787 | E31: 188 | F31: Jr. | G31: 2V | H31: Hilo, Hawaii | I31: HIlo HS | K31: {=_xlfn.LET( _xlpm.name, TRIM(B31), _xlpm.nameClean, SUBSTITUTE(SUBSTITUTE(_xlpm.name, ", Jr.", ""), " III", ""), _xlpm.parts, _xlfn.TEXTSPLIT(_xlpm.nameClean, " "), _xlpm.count, COUNTA(_xlpm.parts), _xlpm.first, INDEX(_xlpm.parts, 1), _xlpm.last, INDEX(_xlpm.parts, _xlpm.count), _xlpm.first & " " & _xlpm.last )} -> Koa Akui | L31: {=_xlfn.LET( _xlpm.name, TRIM(B31), _xlpm.nameClean, SUBSTITUTE(SUBSTITUTE(_xlpm.name, ", Jr.", ""), " III", ""), _xlpm.parts, _xlfn.TEXTSPLIT(_xlpm.nameClean, " "), _xlpm.count, COUNTA(_xlpm.parts), _xlpm.first, INDEX(_xlpm.parts, 1), _xlpm.last, INDEX(_xlpm.parts, _xlpm.count), _xlpm.result, _xlpm.last & "_" & _xlpm.first & "_25", _xlpm.result )} -> Akui_Koa_25 | M31: S | N31: =Table5[[#This Row],[Yr.]] -> Jr.
A32: 7 | B32: Jalen Williams | C32: S | D32: 45788 | E32: 190 | F32: Sr. | G32: 1V | H32: Lancaster, Calif. | I32: Paraclete HS | J32: Fresno State | K32: {=_xlfn.LET( _xlpm.name, TRIM(B32), _xlpm.nameClean, SUBSTITUTE(SUBSTITUTE(_xlpm.name, ", Jr.", ""), " III", ""), _xlpm.parts, _xlfn.TEXTSPLIT(_xlpm.nameClean, " "), _xlpm.count, COUNTA(_xlpm.parts), _xlpm.first, INDEX(_xlpm.parts, 1), _xlpm.last, INDEX(_xlpm.parts, _xlpm.count), _xlpm.first & " " & _xlpm.last )} -> Jalen Williams | L32: {=_xlfn.LET( _xlpm.name, TRIM(B32), _xlpm.nameClean, SUBSTITUTE(SUBSTITUTE(_xlpm.name, ", Jr.", ""), " III", ""), _xlpm.parts, _xlfn.TEXTSPLIT(_xlpm.nameClean, " "), _xlpm.count, COUNTA(_xlpm.parts), _xlpm.first, INDEX(_xlpm.parts, 1), _xlpm.last, INDEX(_xlpm.parts, _xlpm.count), _xlpm.result, _xlpm.last & "_" & _xlpm.first & "_25", _xlpm.result )} -> Williams_Jalen_25 | M32: S | N32: =Table5[[#This Row],[Yr.]] -> Sr.
A33: 11 | B33: Gavin Thomson | C33: WR | D33: 45809 | E33: 191 | F33: R-Sr. | G33: TR | H33: Allison Park, Pa. | I33: Central Catholic HS | J33: Saint Francis | K33: {=_xlfn.LET( _xlpm.name, TRIM(B33), _xlpm.nameClean, SUBSTITUTE(SUBSTITUTE(_xlpm.name, ", Jr.", ""), " III", ""), _xlpm.parts, _xlfn.TEXTSPLIT(_xlpm.nameClean, " "), _xlpm.count, COUNTA(_xlpm.parts), _xlpm.first, INDEX(_xlpm.parts, 1), _xlpm.last, INDEX(_xlpm.parts, _xlpm.count), _xlpm.first & " " & _xlpm.last )} -> Gavin Thomson | L33: {=_xlfn.LET( _xlpm.name, TRIM(B33), _xlpm.nameClean, SUBSTITUTE(SUBSTITUTE(_xlpm.name, ", Jr.", ""), " III", ""), _xlpm.parts, _xlfn.TEXTSPLIT(_xlpm.nameClean, " "), _xlpm.count, COUNTA(_xlpm.parts), _xlpm.first, INDEX(_xlpm.parts, 1), _xlpm.last, INDEX(_xlpm.parts, _xlpm.count), _xlpm.result, _xlpm.last & "_" & _xlpm.first & "_25", _xlpm.result )} -> Thomson_Gavin_25 | M33: WR | N33: =Table5[[#This Row],[Yr.]] -> R-Sr.
A34: 48 | B34: Jojo Solis | C34: S | D34: 45788 | E34: 191 | F34: Fr. | G34: HS | H34: Adelanto, Calif. | I34: Aquinas HS | K34: {=_xlfn.LET( _xlpm.name, TRIM(B34), _xlpm.nameClean, SUBSTITUTE(SUBSTITUTE(_xlpm.name, ", Jr.", ""), " III", ""), _xlpm.parts, _xlfn.TEXTSPLIT(_xlpm.nameClean, " "), _xlpm.count, COUNTA(_xlpm.parts), _xlpm.first, INDEX(_xlpm.parts, 1), _xlpm.last, INDEX(_xlpm.parts, _xlpm.count), _xlpm.first & " " & _xlpm.last )} -> Jojo Solis | L34: {=_xlfn.LET( _xlpm.name, TRIM(B34), _xlpm.nameClean, SUBSTITUTE(SUBSTITUTE(_xlpm.name, ", Jr.", ""), " III", ""), _xlpm.parts, _xlfn.TEXTSPLIT(_xlpm.nameClean, " "), _xlpm.count, COUNTA(_xlpm.parts), _xlpm.first, INDEX(_xlpm.parts, 1), _xlpm.last, INDEX(_xlpm.parts, _xlpm.count), _xlpm.result, _xlpm.last & "_" & _xlpm.first & "_25", _xlpm.result )} -> Solis_Jojo_25 | M34: S | N34: =Table5[[#This Row],[Yr.]] -> Fr.
A35: 14 | B35: Drey Garner | C35: WR | D35: 36678 | E35: 193 | F35: Fr. | G35: HS | H35: San Diego, Calif. | I35: University City HS | K35: {=_xlfn.LET( _xlpm.name, TRIM(B35), _xlpm.nameClean, SUBSTITUTE(SUBSTITUTE(_xlpm.name, ", Jr.", ""), " III", ""), _xlpm.parts, _xlfn.TEXTSPLIT(_xlpm.nameClean, " "), _xlpm.count, COUNTA(_xlpm.parts), _xlpm.first, INDEX(_xlpm.parts, 1), _xlpm.last, INDEX(_xlpm.parts, _xlpm.count), _xlpm.first & " " & _xlpm.last )} -> Drey Garner | L35: {=_xlfn.LET( _xlpm.name, TRIM(B35), _xlpm.nameClean, SUBSTITUTE(SUBSTITUTE(_xlpm.name, ", Jr.", ""), " III", ""), _xlpm.parts, _xlfn.TEXTSPLIT(_xlpm.nameClean, " "), _xlpm.count, COUNTA(_xlpm.parts), _xlpm.first, INDEX(_xlpm.parts, 1), _xlpm.last, INDEX(_xlpm.parts, _xlpm.count), _xlpm.result, _xlpm.last & "_" & _xlpm.first & "_25", _xlpm.result )} -> Garner_Drey_25 | M35: WR | N35: =Table5[[#This Row],[Yr.]] -> Fr.
A36: 16 | B36: Kaleb Higgins | C36: S | D36: 45810 | E36: 193 | F36: Sr. | G36: 2V | H36: Austin, Texas | I36: Folsom HS | J36: Cal | K36: {=_xlfn.LET( _xlpm.name, TRIM(B36), _xlpm.nameClean, SUBSTITUTE(SUBSTITUTE(_xlpm.name, ", Jr.", ""), " III", ""), _xlpm.parts, _xlfn.TEXTSPLIT(_xlpm.nameClean, " "), _xlpm.count, COUNTA(_xlpm.parts), _xlpm.first, INDEX(_xlpm.parts, 1), _xlpm.last, INDEX(_xlpm.parts, _xlpm.count), _xlpm.first & " " & _xlpm.last )} -> Kaleb Higgins | L36: {=_xlfn.LET( _xlpm.name, TRIM(B36), _xlpm.nameClean, SUBSTITUTE(SUBSTITUTE(_xlpm.name, ", Jr.", ""), " III", ""), _xlpm.parts, _xlfn.TEXTSPLIT(_xlpm.nameClean, " "), _xlpm.count, COUNTA(_xlpm.parts), _xlpm.first, INDEX(_xlpm.parts, 1), _xlpm.last, INDEX(_xlpm.parts, _xlpm.count), _xlpm.result, _xlpm.last & "_" & _xlpm.first & "_25", _xlpm.result )} -> Higgins_Kaleb_25 | M36: S | N36: =Table5[[#This Row],[Yr.]] -> Sr.
A37: 17 | B37: Anta'Veon McKenzie | C37: S | D37: 45809 | E37: 193 | F37: So. | G37: 1V | H37: Stockton, Calif. | I37: Edison HS | K37: {=_xlfn.LET( _xlpm.name, TRIM(B37), _xlpm.nameClean, SUBSTITUTE(SUBSTITUTE(_xlpm.name, ", Jr.", ""), " III", ""), _xlpm.parts, _xlfn.TEXTSPLIT(_xlpm.nameClean, " "), _xlpm.count, COUNTA(_xlpm.parts), _xlpm.first, INDEX(_xlpm.parts, 1), _xlpm.last, INDEX(_xlpm.parts, _xlpm.count), _xlpm.first & " " & _xlpm.last )} -> Anta'Veon McKenzie | L37: {=_xlfn.LET( _xlpm.name, TRIM(B37), _xlpm.nameClean, SUBSTITUTE(SUBSTITUTE(_xlpm.name, ", Jr.", ""), " III", ""), _xlpm.parts, _xlfn.TEXTSPLIT(_xlpm.nameClean, " "), _xlpm.count, COUNTA(_xlpm.parts), _xlpm.first, INDEX(_xlpm.parts, 1), _xlpm.last, INDEX(_xlpm.parts, _xlpm.count), _xlpm.result, _xlpm.last & "_" & _xlpm.first & "_25", _xlpm.result )} -> McKenzie_Anta'Veon_25 | M37: S | N37: =Table5[[#This Row],[Yr.]] -> So.
A38: 80 | B38: Trey Bass | C38: WR | D38: 45787 | E38: 193 | F38: Fr. | G38: HS | H38: St. Louis, Mo. | I38: Lutheran North HS | K38: {=_xlfn.LET( _xlpm.name, TRIM(B38), _xlpm.nameClean, SUBSTITUTE(SUBSTITUTE(_xlpm.name, ", Jr.", ""), " III", ""), _xlpm.parts, _xlfn.TEXTSPLIT(_xlpm.nameClean, " "), _xlpm.count, COUNTA(_xlpm.parts), _xlpm.first, INDEX(_xlpm.parts, 1), _xlpm.last, INDEX(_xlpm.parts, _xlpm.count), _xlpm.first & " " & _xlpm.last )} -> Trey Bass | L38: {=_xlfn.LET( _xlpm.name, TRIM(B38), _xlpm.nameClean, SUBSTITUTE(SUBSTITUTE(_xlpm.name, ", Jr.", ""), " III", ""), _xlpm.parts, _xlfn.TEXTSPLIT(_xlpm.nameClean, " "), _xlpm.count, COUNTA(_xlpm.parts), _xlpm.first, INDEX(_xlpm.parts, 1), _xlpm.last, INDEX(_xlpm.parts, _xlpm.count), _xlpm.result, _xlpm.last & "_" & _xlpm.first & "_25", _xlpm.result )} -> Bass_Trey_25 | M38: WR | N38: =Table5[[#This Row],[Yr.]] -> Fr.
A39: 2 | B39: Rodney Hammond, Jr. | C39: RB | D39: 45786 | E39: 195 | F39: Sr. | G39: TR | H39: Norfolk, Va. | I39: Booker T. Washington HS | J39: Pittsburgh | K39: {=_xlfn.LET( _xlpm.name, TRIM(B39), _xlpm.nameClean, SUBSTITUTE(SUBSTITUTE(_xlpm.name, ", Jr.", ""), " III", ""), _xlpm.parts, _xlfn.TEXTSPLIT(_xlpm.nameClean, " "), _xlpm.count, COUNTA(_xlpm.parts), _xlpm.first, INDEX(_xlpm.parts, 1), _xlpm.last, INDEX(_xlpm.parts, _xlpm.count), _xlpm.first & " " & _xlpm.last )} -> Rodney Hammond | L39: {=_xlfn.LET( _xlpm.name, TRIM(B39), _xlpm.nameClean, SUBSTITUTE(SUBSTITUTE(_xlpm.name, ", Jr.", ""), " III", ""), _xlpm.parts, _xlfn.TEXTSPLIT(_xlpm.nameClean, " "), _xlpm.count, COUNTA(_xlpm.parts), _xlpm.first, INDEX(_xlpm.parts, 1), _xlpm.last, INDEX(_xlpm.parts, _xlpm.count), _xlpm.result, _xlpm.last & "_" & _xlpm.first & "_25", _xlpm.result )} -> Hammond_Rodney_25 | M39: RB | N39: =Table5[[#This Row],[Yr.]] -> Sr.
A40: 13 | B40: Yebrell Emerson | C40: S | D40: 45810 | E40: 195 | F40: Jr. | G40: RS | H40: Fresno, Calif. | I40: Central HS | J40: Fresno City JC | K40: {=_xlfn.LET( _xlpm.name, TRIM(B40), _xlpm.nameClean, SUBSTITUTE(SUBSTITUTE(_xlpm.name, ", Jr.", ""), " III", ""), _xlpm.parts, _xlfn.TEXTSPLIT(_xlpm.nameClean, " "), _xlpm.count, COUNTA(_xlpm.parts), _xlpm.first, INDEX(_xlpm.parts, 1), _xlpm.last, INDEX(_xlpm.parts, _xlpm.count), _xlpm.first & " " & _xlpm.last )} -> Yebrell Emerson | L40: {=_xlfn.LET( _xlpm.name, TRIM(B40), _xlpm.nameClean, SUBSTITUTE(SUBSTITUTE(_xlpm.name, ", Jr.", ""), " III", ""), _xlpm.parts, _xlfn.TEXTSPLIT(_xlpm.nameClean, " "), _xlpm.count, COUNTA(_xlpm.parts), _xlpm.first, INDEX(_xlpm.parts, 1), _xlpm.last, INDEX(_xlpm.parts, _xlpm.count), _xlpm.result, _xlpm.last & "_" & _xlpm.first & "_25", _xlpm.result )} -> Emerson_Yebrell_25 | M40: S | N40: =Table5[[#This Row],[Yr.]] -> Jr.
A41: 21 | B41: Dejuan Butler | C41: DB | D41: 45788 | E41: 195 | F41: Gr. | G41: 1V | H41: Antioch, Calif. | I41: Antioch HS | J41: Cal | K41: {=_xlfn.LET( _xlpm.name, TRIM(B41), _xlpm.nameClean, SUBSTITUTE(SUBSTITUTE(_xlpm.name, ", Jr.", ""), " III", ""), _xlpm.parts, _xlfn.TEXTSPLIT(_xlpm.nameClean, " "), _xlpm.count, COUNTA(_xlpm.parts), _xlpm.first, INDEX(_xlpm.parts, 1), _xlpm.last, INDEX(_xlpm.parts, _xlpm.count), _xlpm.first & " " & _xlpm.last )} -> Dejuan Butler | L41: {=_xlfn.LET( _xlpm.name, TRIM(B41), _xlpm.nameClean, SUBSTITUTE(SUBSTITUTE(_xlpm.name, ", Jr.", ""), " III", ""), _xlpm.parts, _xlfn.TEXTSPLIT(_xlpm.nameClean, " "), _xlpm.count, COUNTA(_xlpm.parts), _xlpm.first, INDEX(_xlpm.parts, 1), _xlpm.last, INDEX(_xlpm.parts, _xlpm.count), _xlpm.result, _xlpm.last & "_" & _xlpm.first & "_25", _xlpm.result )} -> Butler_Dejuan_25 | M41: CB | N41: =Table5[[#This Row],[Yr.]] -> Gr.
A42: 23 | B42: Lamont Johnson-Burrell | C42: CB | D42: 45811 | E42: 196 | F42: Jr. | G42: 2V | H42: Sacramento, Calif. | I42: Sacramento HS | K42: {=_xlfn.LET( _xlpm.name, TRIM(B42), _xlpm.nameClean, SUBSTITUTE(SUBSTITUTE(_xlpm.name, ", Jr.", ""), " III", ""), _xlpm.parts, _xlfn.TEXTSPLIT(_xlpm.nameClean, " "), _xlpm.count, COUNTA(_xlpm.parts), _xlpm.first, INDEX(_xlpm.parts, 1), _xlpm.last, INDEX(_xlpm.parts, _xlpm.count), _xlpm.first & " " & _xlpm.last )} -> Lamont Johnson-Burrell | L42: {=_xlfn.LET( _xlpm.name, TRIM(B42), _xlpm.nameClean, SUBSTITUTE(SUBSTITUTE(_xlpm.name, ", Jr.", ""), " III", ""), _xlpm.parts, _xlfn.TEXTSPLIT(_xlpm.nameClean, " "), _xlpm.count, COUNTA(_xlpm.parts), _xlpm.first, INDEX(_xlpm.parts, 1), _xlpm.last, INDEX(_xlpm.parts, _xlpm.count), _xlpm.result, _xlpm.last & "_" & _xlpm.first & "_25", _xlpm.result )} -> Johnson-Burrell_Lamont_25 | M42: CB | N42: =Table5[[#This Row],[Yr.]] -> Jr.
A43: 14 | B43: Curron Borders | C43: RB | D43: 45784 | E43: 197 | F43: So. | G43: 1V | H43: Sacramento, Calif. | I43: Antelope HS | K43: {=_xlfn.LET( _xlpm.name, TRIM(B43), _xlpm.nameClean, SUBSTITUTE(SUBSTITUTE(_xlpm.name, ", Jr.", ""), " III", ""), _xlpm.parts, _xlfn.TEXTSPLIT(_xlpm.nameClean, " "), _xlpm.count, COUNTA(_xlpm.parts), _xlpm.first, INDEX(_xlpm.parts, 1), _xlpm.last, INDEX(_xlpm.parts, _xlpm.count), _xlpm.first & " " & _xlpm.last )} -> Curron Borders | L43: {=_xlfn.LET( _xlpm.name, TRIM(B43), _xlpm.nameClean, SUBSTITUTE(SUBSTITUTE(_xlpm.name, ", Jr.", ""), " III", ""), _xlpm.parts, _xlfn.TEXTSPLIT(_xlpm.nameClean, " "), _xlpm.count, COUNTA(_xlpm.parts), _xlpm.first, INDEX(_xlpm.parts, 1), _xlpm.last, INDEX(_xlpm.parts, _xlpm.count), _xlpm.result, _xlpm.last & "_" & _xlpm.first & "_25", _xlpm.result )} -> Borders_Curron_25 | M43: RB | N43: =Table5[[#This Row],[Yr.]] -> So.
A44: 91 | B44: Cal McGough | C44: P | D44: 45810 | E44: 197 | F44: Sr. | G44: 3V | H44: Geelong, Australia | I44: St. Joseph’s College | K44: {=_xlfn.LET( _xlpm.name, TRIM(B44), _xlpm.nameClean, SUBSTITUTE(SUBSTITUTE(_xlpm.name, ", Jr.", ""), " III", ""), _xlpm.parts, _xlfn.TEXTSPLIT(_xlpm.nameClean, " "), _xlpm.count, COUNTA(_xlpm.parts), _xlpm.first, INDEX(_xlpm.parts, 1), _xlpm.last, INDEX(_xlpm.parts, _xlpm.count), _xlpm.first & " " & _xlpm.last )} -> Cal McGough | L44: {=_xlfn.LET( _xlpm.name, TRIM(B44), _xlpm.nameClean, SUBSTITUTE(SUBSTITUTE(_xlpm.name, ", Jr.", ""), " III", ""), _xlpm.parts, _xlfn.TEXTSPLIT(_xlpm.nameClean, " "), _xlpm.count, COUNTA(_xlpm.parts), _xlpm.first, INDEX(_xlpm.parts, 1), _xlpm.last, INDEX(_xlpm.parts, _xlpm.count), _xlpm.result, _xlpm.last & "_" & _xlpm.first & "_25", _xlpm.result )} -> McGough_Cal_25 | M44: P | N44: =Table5[[#This Row],[Yr.]] -> Sr.
A45: 28 | B45: KJ Jefferson | C45: S | D45: 36678 | E45: 201 | F45: Fr. | G45: HS | H45: St. Louis, Mo. | I45: Lutheran North HS | K45: {=_xlfn.LET( _xlpm.name, TRIM(B45), _xlpm.nameClean, SUBSTITUTE(SUBSTITUTE(_xlpm.name, ", Jr.", ""), " III", ""), _xlpm.parts, _xlfn.TEXTSPLIT(_xlpm.nameClean, " "), _xlpm.count, COUNTA(_xlpm.parts), _xlpm.first, INDEX(_xlpm.parts, 1), _xlpm.last, INDEX(_xlpm.parts, _xlpm.count), _xlpm.first & " " & _xlpm.last )} -> KJ Jefferson | L45: {=_xlfn.LET( _xlpm.name, TRIM(B45), _xlpm.nameClean, SUBSTITUTE(SUBSTITUTE(_xlpm.name, ", Jr.", ""), " III", ""), _xlpm.parts, _xlfn.TEXTSPLIT(_xlpm.nameClean, " "), _xlpm.count, COUNTA(_xlpm.parts), _xlpm.first, INDEX(_xlpm.parts, 1), _xlpm.last, INDEX(_xlpm.parts, _xlpm.count), _xlpm.result, _xlpm.last & "_" & _xlpm.first & "_25", _xlpm.result )} -> Jefferson_KJ_25 | M45: LB | N45: =Table5[[#This Row],[Yr.]] -> Fr.
A46: 25 | B46: Naytel Mitchell | C46: S | D46: 45787 | E46: 203 | F46: Fr. | G46: HS | H46: Pittsburgh, Pa. | I46: Penn Hills HS | K46: {=_xlfn.LET( _xlpm.name, TRIM(B46), _xlpm.nameClean, SUBSTITUTE(SUBSTITUTE(_xlpm.name, ", Jr.", ""), " III", ""), _xlpm.parts, _xlfn.TEXTSPLIT(_xlpm.nameClean, " "), _xlpm.count, COUNTA(_xlpm.parts), _xlpm.first, INDEX(_xlpm.parts, 1), _xlpm.last, INDEX(_xlpm.parts, _xlpm.count), _xlpm.first & " " & _xlpm.last )} -> Naytel Mitchell | L46: {=_xlfn.LET( _xlpm.name, TRIM(B46), _xlpm.nameClean, SUBSTITUTE(SUBSTITUTE(_xlpm.name, ", Jr.", ""), " III", ""), _xlpm.parts, _xlfn.TEXTSPLIT(_xlpm.nameClean, " "), _xlpm.count, COUNTA(_xlpm.parts), _xlpm.first, INDEX(_xlpm.parts, 1), _xlpm.last, INDEX(_xlpm.parts, _xlpm.count), _xlpm.result, _xlpm.last & "_" & _xlpm.first & "_25", _xlpm.result )} -> Mitchell_Naytel_25 | M46: S | N46: =Table5[[#This Row],[Yr.]] -> Fr.
A47: 2 | B47: Deven Wright | C47: OLB | D47: 45813 | E47: 204 | F47: R-Sr. | G47: TR | H47: Southaven, Miss. | I47: DeSoto Central HS | J47: Texas State | K47: {=_xlfn.LET( _xlpm.name, TRIM(B47), _xlpm.nameClean, SUBSTITUTE(SUBSTITUTE(_xlpm.name, ", Jr.", ""), " III", ""), _xlpm.parts, _xlfn.TEXTSPLIT(_xlpm.nameClean, " "), _xlpm.count, COUNTA(_xlpm.parts), _xlpm.first, INDEX(_xlpm.parts, 1), _xlpm.last, INDEX(_xlpm.parts, _xlpm.count), _xlpm.first & " " & _xlpm.last )} -> Deven Wright | L47: {=_xlfn.LET( _xlpm.name, TRIM(B47), _xlpm.nameClean, SUBSTITUTE(SUBSTITUTE(_xlpm.name, ", Jr.", ""), " III", ""), _xlpm.parts, _xlfn.TEXTSPLIT(_xlpm.nameClean, " "), _xlpm.count, COUNTA(_xlpm.parts), _xlpm.first, INDEX(_xlpm.parts, 1), _xlpm.last, INDEX(_xlpm.parts, _xlpm.count), _xlpm.result, _xlpm.last & "_" & _xlpm.first & "_25", _xlpm.result )} -> Wright_Deven_25 | M47: OLB | N47: =Table5[[#This Row],[Yr.]] -> R-Sr.
A48: 21 | B48: Hayden Anderson | C48: WR | D48: 45809 | E48: 204 | F48: Fr. | G48: HS | H48: Windsor, Calif. | I48: Windsor HS | K48: {=_xlfn.LET( _xlpm.name, TRIM(B48), _xlpm.nameClean, SUBSTITUTE(SUBSTITUTE(_xlpm.name, ", Jr.", ""), " III", ""), _xlpm.parts, _xlfn.TEXTSPLIT(_xlpm.nameClean, " "), _xlpm.count, COUNTA(_xlpm.parts), _xlpm.first, INDEX(_xlpm.parts, 1), _xlpm.last, INDEX(_xlpm.parts, _xlpm.count), _xlpm.first & " " & _xlpm.last )} -> Hayden Anderson | L48: {=_xlfn.LET( _xlpm.name, TRIM(B48), _xlpm.nameClean, SUBSTITUTE(SUBSTITUTE(_xlpm.name, ", Jr.", ""), " III", ""), _xlpm.parts, _xlfn.TEXTSPLIT(_xlpm.nameClean, " "), _xlpm.count, COUNTA(_xlpm.parts), _xlpm.first, INDEX(_xlpm.parts, 1), _xlpm.last, INDEX(_xlpm.parts, _xlpm.count), _xlpm.result, _xlpm.last & "_" & _xlpm.first & "_25", _xlpm.result )} -> Anderson_Hayden_25 | M48: WR | N48: =Table5[[#This Row],[Yr.]] -> Fr.
A49: 42 | B49: Jordan Atkinson | C49: OLB | D49: 45812 | E49: 208 | F49: Fr. | G49: HS | H49: Dallas, Texas | I49: South Oak Cliff HS | K49: {=_xlfn.LET( _xlpm.name, TRIM(B49), _xlpm.nameClean, SUBSTITUTE(SUBSTITUTE(_xlpm.name, ", Jr.", ""), " III", ""), _xlpm.parts, _xlfn.TEXTSPLIT(_xlpm.nameClean, " "), _xlpm.count, COUNTA(_xlpm.parts), _xlpm.first, INDEX(_xlpm.parts, 1), _xlpm.last, INDEX(_xlpm.parts, _xlpm.count), _xlpm.first & " " & _xlpm.last )} -> Jordan Atkinson | L49: {=_xlfn.LET( _xlpm.name, TRIM(B49), _xlpm.nameClean, SUBSTITUTE(SUBSTITUTE(_xlpm.name, ", Jr.", ""), " III", ""), _xlpm.parts, _xlfn.TEXTSPLIT(_xlpm.nameClean, " "), _xlpm.count, COUNTA(_xlpm.parts), _xlpm.first, INDEX(_xlpm.parts, 1), _xlpm.last, INDEX(_xlpm.parts, _xlpm.count), _xlpm.result, _xlpm.last & "_" & _xlpm.first & "_25", _xlpm.result )} -> Atkinson_Jordan_25 | M49: OLB | N49: =Table5[[#This Row],[Yr.]] -> Fr.
A50: 85 | B50: Elijah Huddle | C50: TE | D50: 45811 | E50: 209 | F50: Fr. | G50: HS | H50: Citrus Heights, Calif. | I50: Casa Roble HS | K50: {=_xlfn.LET( _xlpm.name, TRIM(B50), _xlpm.nameClean, SUBSTITUTE(SUBSTITUTE(_xlpm.name, ", Jr.", ""), " III", ""), _xlpm.parts, _xlfn.TEXTSPLIT(_xlpm.nameClean, " "), _xlpm.count, COUNTA(_xlpm.parts), _xlpm.first, INDEX(_xlpm.parts, 1), _xlpm.last, INDEX(_xlpm.parts, _xlpm.count), _xlpm.first & " " & _xlpm.last )} -> Elijah Huddle | L50: {=_xlfn.LET( _xlpm.name, TRIM(B50), _xlpm.nameClean, SUBSTITUTE(SUBSTITUTE(_xlpm.name, ", Jr.", ""), " III", ""), _xlpm.parts, _xlfn.TEXTSPLIT(_xlpm.nameClean, " "), _xlpm.count, COUNTA(_xlpm.parts), _xlpm.first, INDEX(_xlpm.parts, 1), _xlpm.last, INDEX(_xlpm.parts, _xlpm.count), _xlpm.result, _xlpm.last & "_" & _xlpm.first & "_25", _xlpm.result )} -> Huddle_Elijah_25 | M50: TE | N50: =Table5[[#This Row],[Yr.]] -> Fr.
A51: 4 | B51: Damian Henderson II | C51: RB | D51: 45810 | E51: 210 | F51: So. | G51: TR | H51: Compton, Calif. | I51: Los Alamitos HS | J51: Colorado State | K51: Damian Henderson | L51: Henderson_Damian_25 | M51: RB | N51: =Table5[[#This Row],[Yr.]] -> So.
A52: 6 | B52: Jamar Malone | C52: QB | D52: 45810 | E52: 211 | F52: Fr. | G52: HS | H52: Los Angeles, Calif. | I52: Warren HS | K52: {=_xlfn.LET( _xlpm.name, TRIM(B52), _xlpm.nameClean, SUBSTITUTE(SUBSTITUTE(_xlpm.name, ", Jr.", ""), " III", ""), _xlpm.parts, _xlfn.TEXTSPLIT(_xlpm.nameClean, " "), _xlpm.count, COUNTA(_xlpm.parts), _xlpm.first, INDEX(_xlpm.parts, 1), _xlpm.last, INDEX(_xlpm.parts, _xlpm.count), _xlpm.first & " " & _xlpm.last )} -> Jamar Malone | L52: {=_xlfn.LET( _xlpm.name, TRIM(B52), _xlpm.nameClean, SUBSTITUTE(SUBSTITUTE(_xlpm.name, ", Jr.", ""), " III", ""), _xlpm.parts, _xlfn.TEXTSPLIT(_xlpm.nameClean, " "), _xlpm.count, COUNTA(_xlpm.parts), _xlpm.first, INDEX(_xlpm.parts, 1), _xlpm.last, INDEX(_xlpm.parts, _xlpm.count), _xlpm.result, _xlpm.last & "_" & _xlpm.first & "_25", _xlpm.result )} -> Malone_Jamar_25 | M52: QB | N52: =Table5[[#This Row],[Yr.]] -> Fr.
A53: 84 | B53: Dontae Robinson | C53: WR | D53: 45813 | E53: 213 | F53: Jr. | G53: JC | H53: Tacoma, Wash. | I53: North Hardin HS | J53: Sierra JC | K53: {=_xlfn.LET( _xlpm.name, TRIM(B53), _xlpm.nameClean, SUBSTITUTE(SUBSTITUTE(_xlpm.name, ", Jr.", ""), " III", ""), _xlpm.parts, _xlfn.TEXTSPLIT(_xlpm.nameClean, " "), _xlpm.count, COUNTA(_xlpm.parts), _xlpm.first, INDEX(_xlpm.parts, 1), _xlpm.last, INDEX(_xlpm.parts, _xlpm.count), _xlpm.first & " " & _xlpm.last )} -> Dontae Robinson | L53: {=_xlfn.LET( _xlpm.name, TRIM(B53), _xlpm.nameClean, SUBSTITUTE(SUBSTITUTE(_xlpm.name, ", Jr.", ""), " III", ""), _xlpm.parts, _xlfn.TEXTSPLIT(_xlpm.nameClean, " "), _xlpm.count, COUNTA(_xlpm.parts), _xlpm.first, INDEX(_xlpm.parts, 1), _xlpm.last, INDEX(_xlpm.parts, _xlpm.count), _xlpm.result, _xlpm.last & "_" & _xlpm.first & "_25", _xlpm.result )} -> Robinson_Dontae_25 | M53: WR | N53: =Table5[[#This Row],[Yr.]] -> Jr.
A54: 10 | B54: Jace Wilson | C54: WR | D54: 45812 | E54: 214 | F54: Jr. | G54: TR | H54: Denton, Texas | I54: Guyer HS | J54: UTSA | K54: {=_xlfn.LET( _xlpm.name, TRIM(B54), _xlpm.nameClean, SUBSTITUTE(SUBSTITUTE(_xlpm.name, ", Jr.", ""), " III", ""), _xlpm.parts, _xlfn.TEXTSPLIT(_xlpm.nameClean, " "), _xlpm.count, COUNTA(_xlpm.parts), _xlpm.first, INDEX(_xlpm.parts, 1), _xlpm.last, INDEX(_xlpm.parts, _xlpm.count), _xlpm.first & " " & _xlpm.last )} -> Jace Wilson | L54: {=_xlfn.LET( _xlpm.name, TRIM(B54), _xlpm.nameClean, SUBSTITUTE(SUBSTITUTE(_xlpm.name, ", Jr.", ""), " III", ""), _xlpm.parts, _xlfn.TEXTSPLIT(_xlpm.nameClean, " "), _xlpm.count, COUNTA(_xlpm.parts), _xlpm.first, INDEX(_xlpm.parts, 1), _xlpm.last, INDEX(_xlpm.parts, _xlpm.count), _xlpm.result, _xlpm.last & "_" & _xlpm.first & "_25", _xlpm.result )} -> Wilson_Jace_25 | M54: WR | N54: =Table5[[#This Row],[Yr.]] -> Jr.
A55: 15 | B55: Mikey Henderson | C55: WR | D55: 45810 | E55: 215 | F55: Sr. | G55: TR | H55: St. Louis, Mo. | I55: Ranchview HS | J55: Tarleton State | K55: {=_xlfn.LET( _xlpm.name, TRIM(B55), _xlpm.nameClean, SUBSTITUTE(SUBSTITUTE(_xlpm.name, ", Jr.", ""), " III", ""), _xlpm.parts, _xlfn.TEXTSPLIT(_xlpm.nameClean, " "), _xlpm.count, COUNTA(_xlpm.parts), _xlpm.first, INDEX(_xlpm.parts, 1), _xlpm.last, INDEX(_xlpm.parts, _xlpm.count), _xlpm.first & " " & _xlpm.last )} -> Mikey Henderson | L55: {=_xlfn.LET( _xlpm.name, TRIM(B55), _xlpm.nameClean, SUBSTITUTE(SUBSTITUTE(_xlpm.name, ", Jr.", ""), " III", ""), _xlpm.parts, _xlfn.TEXTSPLIT(_xlpm.nameClean, " "), _xlpm.count, COUNTA(_xlpm.parts), _xlpm.first, INDEX(_xlpm.parts, 1), _xlpm.last, INDEX(_xlpm.parts, _xlpm.count), _xlpm.result, _xlpm.last & "_" & _xlpm.first & "_25", _xlpm.result )} -> Henderson_Mikey_25 | M55: WR | N55: =Table5[[#This Row],[Yr.]] -> Sr.
A56: 31 | B56: Jackson Cahoon | C56: ILB | D56: 45809 | E56: 215 | F56: Fr. | G56: HS | H56: Mountain View, Calif. | I56: St. Francis HS | K56: {=_xlfn.LET( _xlpm.name, TRIM(B56), _xlpm.nameClean, SUBSTITUTE(SUBSTITUTE(_xlpm.name, ", Jr.", ""), " III", ""), _xlpm.parts, _xlfn.TEXTSPLIT(_xlpm.nameClean, " "), _xlpm.count, COUNTA(_xlpm.parts), _xlpm.first, INDEX(_xlpm.parts, 1), _xlpm.last, INDEX(_xlpm.parts, _xlpm.count), _xlpm.first & " " & _xlpm.last )} -> Jackson Cahoon | L56: {=_xlfn.LET( _xlpm.name, TRIM(B56), _xlpm.nameClean, SUBSTITUTE(SUBSTITUTE(_xlpm.name, ", Jr.", ""), " III", ""), _xlpm.parts, _xlfn.TEXTSPLIT(_xlpm.nameClean, " "), _xlpm.count, COUNTA(_xlpm.parts), _xlpm.first, INDEX(_xlpm.parts, 1), _xlpm.last, INDEX(_xlpm.parts, _xlpm.count), _xlpm.result, _xlpm.last & "_" & _xlpm.first & "_25", _xlpm.result )} -> Cahoon_Jackson_25 | M56: ILB | N56: =Table5[[#This Row],[Yr.]] -> Fr.
A57: 47 | B57: Adam Johnston | C57: LS | D57: 36678 | E57: 215 | F57: R-So. | G57: 1V | H57: Ripon, Calif. | I57: Ripon HS | J57: Modesto JC | K57: {=_xlfn.LET( _xlpm.name, TRIM(B57), _xlpm.nameClean, SUBSTITUTE(SUBSTITUTE(_xlpm.name, ", Jr.", ""), " III", ""), _xlpm.parts, _xlfn.TEXTSPLIT(_xlpm.nameClean, " "), _xlpm.count, COUNTA(_xlpm.parts), _xlpm.first, INDEX(_xlpm.parts, 1), _xlpm.last, INDEX(_xlpm.parts, _xlpm.count), _xlpm.first & " " & _xlpm.last )} -> Adam Johnston | L57: {=_xlfn.LET( _xlpm.name, TRIM(B57), _xlpm.nameClean, SUBSTITUTE(SUBSTITUTE(_xlpm.name, ", Jr.", ""), " III", ""), _xlpm.parts, _xlfn.TEXTSPLIT(_xlpm.nameClean, " "), _xlpm.count, COUNTA(_xlpm.parts), _xlpm.first, INDEX(_xlpm.parts, 1), _xlpm.last, INDEX(_xlpm.parts, _xlpm.count), _xlpm.result, _xlpm.last & "_" & _xlpm.first & "_25", _xlpm.result )} -> Johnston_Adam_25 | M57: LS | N57: =Table5[[#This Row],[Yr.]] -> R-So.
A58: 5 | B58: Oscar Moore | C58: S | D58: 45809 | E58: 216 | F58: Sr. | G58: TR | H58: Fort Worth, Texas | I58: Eaton HS | J58: UTEP | K58: {=_xlfn.LET( _xlpm.name, TRIM(B58), _xlpm.nameClean, SUBSTITUTE(SUBSTITUTE(_xlpm.name, ", Jr.", ""), " III", ""), _xlpm.parts, _xlfn.TEXTSPLIT(_xlpm.nameClean, " "), _xlpm.count, COUNTA(_xlpm.parts), _xlpm.first, INDEX(_xlpm.parts, 1), _xlpm.last, INDEX(_xlpm.parts, _xlpm.count), _xlpm.first & " " & _xlpm.last )} -> Oscar Moore | L58: {=_xlfn.LET( _xlpm.name, TRIM(B58), _xlpm.nameClean, SUBSTITUTE(SUBSTITUTE(_xlpm.name, ", Jr.", ""), " III", ""), _xlpm.parts, _xlfn.TEXTSPLIT(_xlpm.nameClean, " "), _xlpm.count, COUNTA(_xlpm.parts), _xlpm.first, INDEX(_xlpm.parts, 1), _xlpm.last, INDEX(_xlpm.parts, _xlpm.count), _xlpm.result, _xlpm.last & "_" & _xlpm.first & "_25", _xlpm.result )} -> Moore_Oscar_25 | M58: S | N58: =Table5[[#This Row],[Yr.]] -> Sr.
A59: 16 | B59: Jordan Williams | C59: TE | D59: 45813 | E59: 217 | F59: Jr. | G59: TR | H59: Riverside, Calif. | I59: St. Paul HS | J59: Colorado State | K59: {=_xlfn.LET( _xlpm.name, TRIM(B59), _xlpm.nameClean, SUBSTITUTE(SUBSTITUTE(_xlpm.name, ", Jr.", ""), " III", ""), _xlpm.parts, _xlfn.TEXTSPLIT(_xlpm.nameClean, " "), _xlpm.count, COUNTA(_xlpm.parts), _xlpm.first, INDEX(_xlpm.parts, 1), _xlpm.last, INDEX(_xlpm.parts, _xlpm.count), _xlpm.first & " " & _xlpm.last )} -> Jordan Williams | L59: {=_xlfn.LET( _xlpm.name, TRIM(B59), _xlpm.nameClean, SUBSTITUTE(SUBSTITUTE(_xlpm.name, ", Jr.", ""), " III", ""), _xlpm.parts, _xlfn.TEXTSPLIT(_xlpm.nameClean, " "), _xlpm.count, COUNTA(_xlpm.parts), _xlpm.first, INDEX(_xlpm.parts, 1), _xlpm.last, INDEX(_xlpm.parts, _xlpm.count), _xlpm.result, _xlpm.last & "_" & _xlpm.first & "_25", _xlpm.result )} -> Williams_Jordan_25 | M59: TE | N59: =Table5[[#This Row],[Yr.]] -> Jr.
A60: 35 | B60: Hunter Boeddeker | C60: ILB | D60: 36678 | E60: 218 | F60: Jr. | G60: 2V | H60: Santa Barbara, Calif. | I60: Bishop Diego HS | K60: {=_xlfn.LET( _xlpm.name, TRIM(B60), _xlpm.nameClean, SUBSTITUTE(SUBSTITUTE(_xlpm.name, ", Jr.", ""), " III", ""), _xlpm.parts, _xlfn.TEXTSPLIT(_xlpm.nameClean, " "), _xlpm.count, COUNTA(_xlpm.parts), _xlpm.first, INDEX(_xlpm.parts, 1), _xlpm.last, INDEX(_xlpm.parts, _xlpm.count), _xlpm.first & " " & _xlpm.last )} -> Hunter Boeddeker | L60: {=_xlfn.LET( _xlpm.name, TRIM(B60), _xlpm.nameClean, SUBSTITUTE(SUBSTITUTE(_xlpm.name, ", Jr.", ""), " III", ""), _xlpm.parts, _xlfn.TEXTSPLIT(_xlpm.nameClean, " "), _xlpm.count, COUNTA(_xlpm.parts), _xlpm.first, INDEX(_xlpm.parts, 1), _xlpm.last, INDEX(_xlpm.parts, _xlpm.count), _xlpm.result, _xlpm.last & "_" & _xlpm.first & "_25", _xlpm.result )} -> Boeddeker_Hunter_25 | M60: ILB | N60: =Table5[[#This Row],[Yr.]] -> Jr.
A61: 34 | B61: Dylan Gooden | C61: OLB | D61: 45811 | E61: 220 | F61: R-So. | G61: TR | H61: Columbia, Md. | I61: Good Counsel HS | J61: Maryland | K61: {=_xlfn.LET( _xlpm.name, TRIM(B61), _xlpm.nameClean, SUBSTITUTE(SUBSTITUTE(_xlpm.name, ", Jr.", ""), " III", ""), _xlpm.parts, _xlfn.TEXTSPLIT(_xlpm.nameClean, " "), _xlpm.count, COUNTA(_xlpm.parts), _xlpm.first, INDEX(_xlpm.parts, 1), _xlpm.last, INDEX(_xlpm.parts, _xlpm.count), _xlpm.first & " " & _xlpm.last )} -> Dylan Gooden | L61: {=_xlfn.LET( _xlpm.name, TRIM(B61), _xlpm.nameClean, SUBSTITUTE(SUBSTITUTE(_xlpm.name, ", Jr.", ""), " III", ""), _xlpm.parts, _xlfn.TEXTSPLIT(_xlpm.nameClean, " "), _xlpm.count, COUNTA(_xlpm.parts), _xlpm.first, INDEX(_xlpm.parts, 1), _xlpm.last, INDEX(_xlpm.parts, _xlpm.count), _xlpm.result, _xlpm.last & "_" & _xlpm.first & "_25", _xlpm.result )} -> Gooden_Dylan_25 | M61: OLB | N61: =Table5[[#This Row],[Yr.]] -> R-So.
A62: 33 | B62: Alex Rocha | C62: ILB | D62: 45810 | E62: 221 | F62: Jr. | G62: 1V | H62: Bakersfield, Calif. | I62: Bakersfield HS | K62: {=_xlfn.LET( _xlpm.name, TRIM(B62), _xlpm.nameClean, SUBSTITUTE(SUBSTITUTE(_xlpm.name, ", Jr.", ""), " III", ""), _xlpm.parts, _xlfn.TEXTSPLIT(_xlpm.nameClean, " "), _xlpm.count, COUNTA(_xlpm.parts), _xlpm.first, INDEX(_xlpm.parts, 1), _xlpm.last, INDEX(_xlpm.parts, _xlpm.count), _xlpm.first & " " & _xlpm.last )} -> Alex Rocha | L62: {=_xlfn.LET( _xlpm.name, TRIM(B62), _xlpm.nameClean, SUBSTITUTE(SUBSTITUTE(_xlpm.name, ", Jr.", ""), " III", ""), _xlpm.parts, _xlfn.TEXTSPLIT(_xlpm.nameClean, " "), _xlpm.count, COUNTA(_xlpm.parts), _xlpm.first, INDEX(_xlpm.parts, 1), _xlpm.last, INDEX(_xlpm.parts, _xlpm.count), _xlpm.result, _xlpm.last & "_" & _xlpm.first & "_25", _xlpm.result )} -> Rocha_Alex_25 | M62: ILB | N62: =Table5[[#This Row],[Yr.]] -> Jr.
A63: 15 | B63: Jekob Jones | C63: ILB | D63: 36678 | E63: 222 | F63: R-Sr. | G63: TR | H63: Fresno, Calif. | I63: Central HS | J63: Cal Poly | K63: {=_xlfn.LET( _xlpm.name, TRIM(B63), _xlpm.nameClean, SUBSTITUTE(SUBSTITUTE(_xlpm.name, ", Jr.", ""), " III", ""), _xlpm.parts, _xlfn.TEXTSPLIT(_xlpm.nameClean, " "), _xlpm.count, COUNTA(_xlpm.parts), _xlpm.first, INDEX(_xlpm.parts, 1), _xlpm.last, INDEX(_xlpm.parts, _xlpm.count), _xlpm.first & " " & _xlpm.last )} -> Jekob Jones | L63: {=_xlfn.LET( _xlpm.name, TRIM(B63), _xlpm.nameClean, SUBSTITUTE(SUBSTITUTE(_xlpm.name, ", Jr.", ""), " III", ""), _xlpm.parts, _xlfn.TEXTSPLIT(_xlpm.nameClean, " "), _xlpm.count, COUNTA(_xlpm.parts), _xlpm.first, INDEX(_xlpm.parts, 1), _xlpm.last, INDEX(_xlpm.parts, _xlpm.count), _xlpm.result, _xlpm.last & "_" & _xlpm.first & "_25", _xlpm.result )} -> Jones_Jekob_25 | M63: ILB | N63: =Table5[[#This Row],[Yr.]] -> R-Sr.
A64: 28 | B64: Sam Adams II | C64: RB | D64: 45810 | E64: 224 | F64: Sr. | G64: TR | H64: Kirkland, Wash. | I64: Eastside Catholic HS | J64: Washington | K64: Sam Adams | L64: Adams_Sam_25 | M64: RB | N64: =Table5[[#This Row],[Yr.]] -> Sr.
A65: 18 | B65: Fata Puloka | C65: OLB | D65: 45811 | E65: 226 | F65: So. | G65: 1V | H65: Sacramento, Calif. | I65: Monterey Trail HS | K65: {=_xlfn.LET( _xlpm.name, TRIM(B65), _xlpm.nameClean, SUBSTITUTE(SUBSTITUTE(_xlpm.name, ", Jr.", ""), " III", ""), _xlpm.parts, _xlfn.TEXTSPLIT(_xlpm.nameClean, " "), _xlpm.count, COUNTA(_xlpm.parts), _xlpm.first, INDEX(_xlpm.parts, 1), _xlpm.last, INDEX(_xlpm.parts, _xlpm.count), _xlpm.first & " " & _xlpm.last )} -> Fata Puloka | L65: {=_xlfn.LET( _xlpm.name, TRIM(B65), _xlpm.nameClean, SUBSTITUTE(SUBSTITUTE(_xlpm.name, ", Jr.", ""), " III", ""), _xlpm.parts, _xlfn.TEXTSPLIT(_xlpm.nameClean, " "), _xlpm.count, COUNTA(_xlpm.parts), _xlpm.first, INDEX(_xlpm.parts, 1), _xlpm.last, INDEX(_xlpm.parts, _xlpm.count), _xlpm.result, _xlpm.last & "_" & _xlpm.first & "_25", _xlpm.result )} -> Puloka_Fata_25 | M65: OLB | N65: =Table5[[#This Row],[Yr.]] -> So.
A66: 32 | B66: Matthew Eskridge II | C66: ILB | D66: 45809 | E66: 228 | F66: Jr. | G66: RS | H66: Las Vegas, Nev. | I66: Desert Pines HS | J66: Riverside JC | K66: Matthew Eskridge | L66: Eskridge_Matthew_25 | M66: ILB | N66: =Table5[[#This Row],[Yr.]] -> Jr.
A67: 19 | B67: Logan Tanner | C67: TE | D67: 45811 | E67: 229 | F67: So. | G67: TR | H67: Houston, Texas | I67: St. Pius X HS | J67: San Diego State | K67: {=_xlfn.LET( _xlpm.name, TRIM(B67), _xlpm.nameClean, SUBSTITUTE(SUBSTITUTE(_xlpm.name, ", Jr.", ""), " III", ""), _xlpm.parts, _xlfn.TEXTSPLIT(_xlpm.nameClean, " "), _xlpm.count, COUNTA(_xlpm.parts), _xlpm.first, INDEX(_xlpm.parts, 1), _xlpm.last, INDEX(_xlpm.parts, _xlpm.count), _xlpm.first & " " & _xlpm.last )} -> Logan Tanner | L67: {=_xlfn.LET( _xlpm.name, TRIM(B67), _xlpm.nameClean, SUBSTITUTE(SUBSTITUTE(_xlpm.name, ", Jr.", ""), " III", ""), _xlpm.parts, _xlfn.TEXTSPLIT(_xlpm.nameClean, " "), _xlpm.count, COUNTA(_xlpm.parts), _xlpm.first, INDEX(_xlpm.parts, 1), _xlpm.last, INDEX(_xlpm.parts, _xlpm.count), _xlpm.result, _xlpm.last & "_" & _xlpm.first & "_25", _xlpm.result )} -> Tanner_Logan_25 | M67: TE | N67: =Table5[[#This Row],[Yr.]] -> So.
A68: 39 | B68: Derek Houston | C68: ILB | D68: 45809 | E68: 231 | F68: So. | G68: 1V | H68: Rocklin, Calif. | I68: Rocklin HS | K68: {=_xlfn.LET( _xlpm.name, TRIM(B68), _xlpm.nameClean, SUBSTITUTE(SUBSTITUTE(_xlpm.name, ", Jr.", ""), " III", ""), _xlpm.parts, _xlfn.TEXTSPLIT(_xlpm.nameClean, " "), _xlpm.count, COUNTA(_xlpm.parts), _xlpm.first, INDEX(_xlpm.parts, 1), _xlpm.last, INDEX(_xlpm.parts, _xlpm.count), _xlpm.first & " " & _xlpm.last )} -> Derek Houston | L68: {=_xlfn.LET( _xlpm.name, TRIM(B68), _xlpm.nameClean, SUBSTITUTE(SUBSTITUTE(_xlpm.name, ", Jr.", ""), " III", ""), _xlpm.parts, _xlfn.TEXTSPLIT(_xlpm.nameClean, " "), _xlpm.count, COUNTA(_xlpm.parts), _xlpm.first, INDEX(_xlpm.parts, 1), _xlpm.last, INDEX(_xlpm.parts, _xlpm.count), _xlpm.result, _xlpm.last & "_" & _xlpm.first & "_25", _xlpm.result )} -> Houston_Derek_25 | M68: ILB | N68: =Table5[[#This Row],[Yr.]] -> So.
A69: 87 | B69: Gavin Nelson | C69: TE | D69: 45812 | E69: 232 | F69: Jr. | G69: RS | H69: Clovis, Calif. | I69: Buchanan HS | J69: Fresno City JC | K69: {=_xlfn.LET( _xlpm.name, TRIM(B69), _xlpm.nameClean, SUBSTITUTE(SUBSTITUTE(_xlpm.name, ", Jr.", ""), " III", ""), _xlpm.parts, _xlfn.TEXTSPLIT(_xlpm.nameClean, " "), _xlpm.count, COUNTA(_xlpm.parts), _xlpm.first, INDEX(_xlpm.parts, 1), _xlpm.last, INDEX(_xlpm.parts, _xlpm.count), _xlpm.first & " " & _xlpm.last )} -> Gavin Nelson | L69: {=_xlfn.LET( _xlpm.name, TRIM(B69), _xlpm.nameClean, SUBSTITUTE(SUBSTITUTE(_xlpm.name, ", Jr.", ""), " III", ""), _xlpm.parts, _xlfn.TEXTSPLIT(_xlpm.nameClean, " "), _xlpm.count, COUNTA(_xlpm.parts), _xlpm.first, INDEX(_xlpm.parts, 1), _xlpm.last, INDEX(_xlpm.parts, _xlpm.count), _xlpm.result, _xlpm.last & "_" & _xlpm.first & "_25", _xlpm.result )} -> Nelson_Gavin_25 | M69: TE | N69: =Table5[[#This Row],[Yr.]] -> Jr.
A70: 0 | B70: Savion Red | C70: RB | D70: 45787 | E70: 233 | F70: Sr. | G70: TR | H70: Grand Prairie, Texas | I70: Grand Prairie HS | J70: Nevada | K70: {=_xlfn.LET( _xlpm.name, TRIM(B70), _xlpm.nameClean, SUBSTITUTE(SUBSTITUTE(_xlpm.name, ", Jr.", ""), " III", ""), _xlpm.parts, _xlfn.TEXTSPLIT(_xlpm.nameClean, " "), _xlpm.count, COUNTA(_xlpm.parts), _xlpm.first, INDEX(_xlpm.parts, 1), _xlpm.last, INDEX(_xlpm.parts, _xlpm.count), _xlpm.first & " " & _xlpm.last )} -> Savion Red | L70: {=_xlfn.LET( _xlpm.name, TRIM(B70), _xlpm.nameClean, SUBSTITUTE(SUBSTITUTE(_xlpm.name, ", Jr.", ""), " III", ""), _xlpm.parts, _xlfn.TEXTSPLIT(_xlpm.nameClean, " "), _xlpm.count, COUNTA(_xlpm.parts), _xlpm.first, INDEX(_xlpm.parts, 1), _xlpm.last, INDEX(_xlpm.parts, _xlpm.count), _xlpm.result, _xlpm.last & "_" & _xlpm.first & "_25", _xlpm.result )} -> Red_Savion_25 | M70: RB | N70: =Table5[[#This Row],[Yr.]] -> Sr.
A71: 19 | B71: Josh Cashiola | C71: OLB | D71: 45811 | E71: 234 | F71: Sr. | G71: 2V | H71: Houston, Texas | I71: Strake Jesuit Prep | J71: Fresno City JC | K71: {=_xlfn.LET( _xlpm.name, TRIM(B71), _xlpm.nameClean, SUBSTITUTE(SUBSTITUTE(_xlpm.name, ", Jr.", ""), " III", ""), _xlpm.parts, _xlfn.TEXTSPLIT(_xlpm.nameClean, " "), _xlpm.count, COUNTA(_xlpm.parts), _xlpm.first, INDEX(_xlpm.parts, 1), _xlpm.last, INDEX(_xlpm.parts, _xlpm.count), _xlpm.first & " " & _xlpm.last )} -> Josh Cashiola | L71: {=_xlfn.LET( _xlpm.name, TRIM(B71), _xlpm.nameClean, SUBSTITUTE(SUBSTITUTE(_xlpm.name, ", Jr.", ""), " III", ""), _xlpm.parts, _xlfn.TEXTSPLIT(_xlpm.nameClean, " "), _xlpm.count, COUNTA(_xlpm.parts), _xlpm.first, INDEX(_xlpm.parts, 1), _xlpm.last, INDEX(_xlpm.parts, _xlpm.count), _xlpm.result, _xlpm.last & "_" & _xlpm.first & "_25", _xlpm.result )} -> Cashiola_Josh_25 | M71: OLB | N71: =Table5[[#This Row],[Yr.]] -> Sr.
A72: 23 | B72: Elias Brown | C72: RB | D72: 36678 | E72: 234 | F72: Jr. | G72: JC | H72: Antelope, Calif. | I72: Rocklin HS | J72: American River JC | K72: {=_xlfn.LET( _xlpm.name, TRIM(B72), _xlpm.nameClean, SUBSTITUTE(SUBSTITUTE(_xlpm.name, ", Jr.", ""), " III", ""), _xlpm.parts, _xlfn.TEXTSPLIT(_xlpm.nameClean, " "), _xlpm.count, COUNTA(_xlpm.parts), _xlpm.first, INDEX(_xlpm.parts, 1), _xlpm.last, INDEX(_xlpm.parts, _xlpm.count), _xlpm.first & " " & _xlpm.last )} -> Elias Brown | L72: {=_xlfn.LET( _xlpm.name, TRIM(B72), _xlpm.nameClean, SUBSTITUTE(SUBSTITUTE(_xlpm.name, ", Jr.", ""), " III", ""), _xlpm.parts, _xlfn.TEXTSPLIT(_xlpm.nameClean, " "), _xlpm.count, COUNTA(_xlpm.parts), _xlpm.first, INDEX(_xlpm.parts, 1), _xlpm.last, INDEX(_xlpm.parts, _xlpm.count), _xlpm.result, _xlpm.last & "_" & _xlpm.first & "_25", _xlpm.result )} -> Brown_Elias_25 | M72: RB | N72: =Table5[[#This Row],[Yr.]] -> Jr.
A73: 94 | B73: Micah Mosley | C73: OLB | D73: 45812 | E73: 235 | F73: Fr. | G73: HS | H73: San Jose, Calif. | I73: Valley Christian HS | K73: {=_xlfn.LET( _xlpm.name, TRIM(B73), _xlpm.nameClean, SUBSTITUTE(SUBSTITUTE(_xlpm.name, ", Jr.", ""), " III", ""), _xlpm.parts, _xlfn.TEXTSPLIT(_xlpm.nameClean, " "), _xlpm.count, COUNTA(_xlpm.parts), _xlpm.first, INDEX(_xlpm.parts, 1), _xlpm.last, INDEX(_xlpm.parts, _xlpm.count), _xlpm.first & " " & _xlpm.last )} -> Micah Mosley | L73: {=_xlfn.LET( _xlpm.name, TRIM(B73), _xlpm.nameClean, SUBSTITUTE(SUBSTITUTE(_xlpm.name, ", Jr.", ""), " III", ""), _xlpm.parts, _xlfn.TEXTSPLIT(_xlpm.nameClean, " "), _xlpm.count, COUNTA(_xlpm.parts), _xlpm.first, INDEX(_xlpm.parts, 1), _xlpm.last, INDEX(_xlpm.parts, _xlpm.count), _xlpm.result, _xlpm.last & "_" & _xlpm.first & "_25", _xlpm.result )} -> Mosley_Micah_25 | M73: OLB | N73: =Table5[[#This Row],[Yr.]] -> Fr.
A74: 44 | B74: Diego Davis | C74: ILB | D74: 36678 | E74: 236 | F74: Jr. | G74: JC | H74: Napa, Calif. | I74: Vintage HS | J74: Santa Rosa JC | K74: {=_xlfn.LET( _xlpm.name, TRIM(B74), _xlpm.nameClean, SUBSTITUTE(SUBSTITUTE(_xlpm.name, ", Jr.", ""), " III", ""), _xlpm.parts, _xlfn.TEXTSPLIT(_xlpm.nameClean, " "), _xlpm.count, COUNTA(_xlpm.parts), _xlpm.first, INDEX(_xlpm.parts, 1), _xlpm.last, INDEX(_xlpm.parts, _xlpm.count), _xlpm.first & " " & _xlpm.last )} -> Diego Davis | L74: {=_xlfn.LET( _xlpm.name, TRIM(B74), _xlpm.nameClean, SUBSTITUTE(SUBSTITUTE(_xlpm.name, ", Jr.", ""), " III", ""), _xlpm.parts, _xlfn.TEXTSPLIT(_xlpm.nameClean, " "), _xlpm.count, COUNTA(_xlpm.parts), _xlpm.first, INDEX(_xlpm.parts, 1), _xlpm.last, INDEX(_xlpm.parts, _xlpm.count), _xlpm.result, _xlpm.last & "_" & _xlpm.first & "_25", _xlpm.result )} -> Davis_Diego_25 | M74: ILB | N74: =Table5[[#This Row],[Yr.]] -> Jr.
A75: 30 | B75: Pita Vi | C75: OLB | D75: 45810 | E75: 237 | F75: Jr. | G75: JC | H75: Elk Grove, Calif. | I75: Elk Grove HS | J75: San Mateo JC | K75: {=_xlfn.LET( _xlpm.name, TRIM(B75), _xlpm.nameClean, SUBSTITUTE(SUBSTITUTE(_xlpm.name, ", Jr.", ""), " III", ""), _xlpm.parts, _xlfn.TEXTSPLIT(_xlpm.nameClean, " "), _xlpm.count, COUNTA(_xlpm.parts), _xlpm.first, INDEX(_xlpm.parts, 1), _xlpm.last, INDEX(_xlpm.parts, _xlpm.count), _xlpm.first & " " & _xlpm.last )} -> Pita Vi | L75: {=_xlfn.LET( _xlpm.name, TRIM(B75), _xlpm.nameClean, SUBSTITUTE(SUBSTITUTE(_xlpm.name, ", Jr.", ""), " III", ""), _xlpm.parts, _xlfn.TEXTSPLIT(_xlpm.nameClean, " "), _xlpm.count, COUNTA(_xlpm.parts), _xlpm.first, INDEX(_xlpm.parts, 1), _xlpm.last, INDEX(_xlpm.parts, _xlpm.count), _xlpm.result, _xlpm.last & "_" & _xlpm.first & "_25", _xlpm.result )} -> Vi_Pita_25 | M75: OLB | N75: =Table5[[#This Row],[Yr.]] -> Jr.
A76: 14 | B76: Brennon Scott | C76: DL | D76: 45809 | E76: 242 | F76: Sr. | G76: TR | H76: Lancaster, Texas | I76: Bishop Dunne HS | J76: UNLV | K76: {=_xlfn.LET( _xlpm.name, TRIM(B76), _xlpm.nameClean, SUBSTITUTE(SUBSTITUTE(_xlpm.name, ", Jr.", ""), " III", ""), _xlpm.parts, _xlfn.TEXTSPLIT(_xlpm.nameClean, " "), _xlpm.count, COUNTA(_xlpm.parts), _xlpm.first, INDEX(_xlpm.parts, 1), _xlpm.last, INDEX(_xlpm.parts, _xlpm.count), _xlpm.first & " " & _xlpm.last )} -> Brennon Scott | L76: {=_xlfn.LET( _xlpm.name, TRIM(B76), _xlpm.nameClean, SUBSTITUTE(SUBSTITUTE(_xlpm.name, ", Jr.", ""), " III", ""), _xlpm.parts, _xlfn.TEXTSPLIT(_xlpm.nameClean, " "), _xlpm.count, COUNTA(_xlpm.parts), _xlpm.first, INDEX(_xlpm.parts, 1), _xlpm.last, INDEX(_xlpm.parts, _xlpm.count), _xlpm.result, _xlpm.last & "_" & _xlpm.first & "_25", _xlpm.result )} -> Scott_Brennon_25 | M76: DL | N76: =Table5[[#This Row],[Yr.]] -> Sr.
A77: 56 | B77: Dylan Hampsten | C77: DL | D77: 45811 | E77: 245 | F77: R-So. | G77: TR | H77: Santa Clarita, Calif. | I77: Oaks Christian HS | J77: San Jose State | K77: {=_xlfn.LET( _xlpm.name, TRIM(B77), _xlpm.nameClean, SUBSTITUTE(SUBSTITUTE(_xlpm.name, ", Jr.", ""), " III", ""), _xlpm.parts, _xlfn.TEXTSPLIT(_xlpm.nameClean, " "), _xlpm.count, COUNTA(_xlpm.parts), _xlpm.first, INDEX(_xlpm.parts, 1), _xlpm.last, INDEX(_xlpm.parts, _xlpm.count), _xlpm.first & " " & _xlpm.last )} -> Dylan Hampsten | L77: {=_xlfn.LET( _xlpm.name, TRIM(B77), _xlpm.nameClean, SUBSTITUTE(SUBSTITUTE(_xlpm.name, ", Jr.", ""), " III", ""), _xlpm.parts, _xlfn.TEXTSPLIT(_xlpm.nameClean, " "), _xlpm.count, COUNTA(_xlpm.parts), _xlpm.first, INDEX(_xlpm.parts, 1), _xlpm.last, INDEX(_xlpm.parts, _xlpm.count), _xlpm.result, _xlpm.last & "_" & _xlpm.first & "_25", _xlpm.result )} -> Hampsten_Dylan_25 | M77: DL | N77: =Table5[[#This Row],[Yr.]] -> R-So.
A78: 45 | B78: Xavier Williams | C78: DL | D78: 45812 | E78: 246 | F78: Sr. | G78: 2V | H78: Gustine, Calif. | I78: Atwater HS | K78: {=_xlfn.LET( _xlpm.name, TRIM(B78), _xlpm.nameClean, SUBSTITUTE(SUBSTITUTE(_xlpm.name, ", Jr.", ""), " III", ""), _xlpm.parts, _xlfn.TEXTSPLIT(_xlpm.nameClean, " "), _xlpm.count, COUNTA(_xlpm.parts), _xlpm.first, INDEX(_xlpm.parts, 1), _xlpm.last, INDEX(_xlpm.parts, _xlpm.count), _xlpm.first & " " & _xlpm.last )} -> Xavier Williams | L78: {=_xlfn.LET( _xlpm.name, TRIM(B78), _xlpm.nameClean, SUBSTITUTE(SUBSTITUTE(_xlpm.name, ", Jr.", ""), " III", ""), _xlpm.parts, _xlfn.TEXTSPLIT(_xlpm.nameClean, " "), _xlpm.count, COUNTA(_xlpm.parts), _xlpm.first, INDEX(_xlpm.parts, 1), _xlpm.last, INDEX(_xlpm.parts, _xlpm.count), _xlpm.result, _xlpm.last & "_" & _xlpm.first & "_25", _xlpm.result )} -> Williams_Xavier_25 | M78: DL | N78: =Table5[[#This Row],[Yr.]] -> Sr.
A79: 86 | B79: Davis Ambuehl | C79: TE | D79: 45815 | E79: 260 | F79: Jr. | G79: TR | H79: Los Angeles, Calif. | I79: Palisades Charter HS | J79: UNLV | K79: {=_xlfn.LET( _xlpm.name, TRIM(B79), _xlpm.nameClean, SUBSTITUTE(SUBSTITUTE(_xlpm.name, ", Jr.", ""), " III", ""), _xlpm.parts, _xlfn.TEXTSPLIT(_xlpm.nameClean, " "), _xlpm.count, COUNTA(_xlpm.parts), _xlpm.first, INDEX(_xlpm.parts, 1), _xlpm.last, INDEX(_xlpm.parts, _xlpm.count), _xlpm.first & " " & _xlpm.last )} -> Davis Ambuehl | L79: {=_xlfn.LET( _xlpm.name, TRIM(B79), _xlpm.nameClean, SUBSTITUTE(SUBSTITUTE(_xlpm.name, ", Jr.", ""), " III", ""), _xlpm.parts, _xlfn.TEXTSPLIT(_xlpm.nameClean, " "), _xlpm.count, COUNTA(_xlpm.parts), _xlpm.first, INDEX(_xlpm.parts, 1), _xlpm.last, INDEX(_xlpm.parts, _xlpm.count), _xlpm.result, _xlpm.last & "_" & _xlpm.first & "_25", _xlpm.result )} -> Ambuehl_Davis_25 | M79: TE | N79: =Table5[[#This Row],[Yr.]] -> Jr.
A80: 8 | B80: Kris Ross | C80: DL | D80: 45810 | E80: 262 | F80: Jr. | G80: TR | H80: Houston, Texas | I80: North Shore HS | J80: Nevada | K80: {=_xlfn.LET( _xlpm.name, TRIM(B80), _xlpm.nameClean, SUBSTITUTE(SUBSTITUTE(_xlpm.name, ", Jr.", ""), " III", ""), _xlpm.parts, _xlfn.TEXTSPLIT(_xlpm.nameClean, " "), _xlpm.count, COUNTA(_xlpm.parts), _xlpm.first, INDEX(_xlpm.parts, 1), _xlpm.last, INDEX(_xlpm.parts, _xlpm.count), _xlpm.first & " " & _xlpm.last )} -> Kris Ross | L80: {=_xlfn.LET( _xlpm.name, TRIM(B80), _xlpm.nameClean, SUBSTITUTE(SUBSTITUTE(_xlpm.name, ", Jr.", ""), " III", ""), _xlpm.parts, _xlfn.TEXTSPLIT(_xlpm.nameClean, " "), _xlpm.count, COUNTA(_xlpm.parts), _xlpm.first, INDEX(_xlpm.parts, 1), _xlpm.last, INDEX(_xlpm.parts, _xlpm.count), _xlpm.result, _xlpm.last & "_" & _xlpm.first & "_25", _xlpm.result )} -> Ross_Kris_25 | M80: DL | N80: =Table5[[#This Row],[Yr.]] -> Jr.
A81: 38 | B81: Sammy Norris | C81: FB | D81: 36678 | E81: 262 | F81: Sr. | G81: TR | H81: Las Vegas, Nev. | I81: Centennial HS | J81: UNLV | K81: {=_xlfn.LET( _xlpm.name, TRIM(B81), _xlpm.nameClean, SUBSTITUTE(SUBSTITUTE(_xlpm.name, ", Jr.", ""), " III", ""), _xlpm.parts, _xlfn.TEXTSPLIT(_xlpm.nameClean, " "), _xlpm.count, COUNTA(_xlpm.parts), _xlpm.first, INDEX(_xlpm.parts, 1), _xlpm.last, INDEX(_xlpm.parts, _xlpm.count), _xlpm.first & " " & _xlpm.last )} -> Sammy Norris | L81: {=_xlfn.LET( _xlpm.name, TRIM(B81), _xlpm.nameClean, SUBSTITUTE(SUBSTITUTE(_xlpm.name, ", Jr.", ""), " III", ""), _xlpm.parts, _xlfn.TEXTSPLIT(_xlpm.nameClean, " "), _xlpm.count, COUNTA(_xlpm.parts), _xlpm.first, INDEX(_xlpm.parts, 1), _xlpm.last, INDEX(_xlpm.parts, _xlpm.count), _xlpm.result, _xlpm.last & "_" & _xlpm.first & "_25", _xlpm.result )} -> Norris_Sammy_25 | M81: FB | N81: =Table5[[#This Row],[Yr.]] -> Sr.
A82: 88 | B82: Bear Tenney | C82: TE | D82: 45814 | E82: 269 | F82: Fr. | G82: HS | H82: Gilbert, Ariz. | I82: Lone Peak HS | K82: {=_xlfn.LET( _xlpm.name, TRIM(B82), _xlpm.nameClean, SUBSTITUTE(SUBSTITUTE(_xlpm.name, ", Jr.", ""), " III", ""), _xlpm.parts, _xlfn.TEXTSPLIT(_xlpm.nameClean, " "), _xlpm.count, COUNTA(_xlpm.parts), _xlpm.first, INDEX(_xlpm.parts, 1), _xlpm.last, INDEX(_xlpm.parts, _xlpm.count), _xlpm.first & " " & _xlpm.last )} -> Bear Tenney | L82: {=_xlfn.LET( _xlpm.name, TRIM(B82), _xlpm.nameClean, SUBSTITUTE(SUBSTITUTE(_xlpm.name, ", Jr.", ""), " III", ""), _xlpm.parts, _xlfn.TEXTSPLIT(_xlpm.nameClean, " "), _xlpm.count, COUNTA(_xlpm.parts), _xlpm.first, INDEX(_xlpm.parts, 1), _xlpm.last, INDEX(_xlpm.parts, _xlpm.count), _xlpm.result, _xlpm.last & "_" & _xlpm.first & "_25", _xlpm.result )} -> Tenney_Bear_25 | M82: TE | N82: =Table5[[#This Row],[Yr.]] -> Fr.
A83: 67 | B83: Luke Slater | C83: OL | D83: 45810 | E83: 271 | F83: R-Fr. | G83: RS | H83: Bellevue, Wash. | I83: Newport HS | K83: {=_xlfn.LET( _xlpm.name, TRIM(B83), _xlpm.nameClean, SUBSTITUTE(SUBSTITUTE(_xlpm.name, ", Jr.", ""), " III", ""), _xlpm.parts, _xlfn.TEXTSPLIT(_xlpm.nameClean, " "), _xlpm.count, COUNTA(_xlpm.parts), _xlpm.first, INDEX(_xlpm.parts, 1), _xlpm.last, INDEX(_xlpm.parts, _xlpm.count), _xlpm.first & " " & _xlpm.last )} -> Luke Slater | L83: {=_xlfn.LET( _xlpm.name, TRIM(B83), _xlpm.nameClean, SUBSTITUTE(SUBSTITUTE(_xlpm.name, ", Jr.", ""), " III", ""), _xlpm.parts, _xlfn.TEXTSPLIT(_xlpm.nameClean, " "), _xlpm.count, COUNTA(_xlpm.parts), _xlpm.first, INDEX(_xlpm.parts, 1), _xlpm.last, INDEX(_xlpm.parts, _xlpm.count), _xlpm.result, _xlpm.last & "_" & _xlpm.first & "_25", _xlpm.result )} -> Slater_Luke_25 | M83: OL | N83: =Table5[[#This Row],[Yr.]] -> R-Fr.
A84: 51 | B84: Joseph Speno | C84: OL | D84: 45811 | E84: 279 | F84: Jr. | G84: 1V | H84: San Jose, Calif. | I84: Pioneer HS | J84: Foothill JC | K84: {=_xlfn.LET( _xlpm.name, TRIM(B84), _xlpm.nameClean, SUBSTITUTE(SUBSTITUTE(_xlpm.name, ", Jr.", ""), " III", ""), _xlpm.parts, _xlfn.TEXTSPLIT(_xlpm.nameClean, " "), _xlpm.count, COUNTA(_xlpm.parts), _xlpm.first, INDEX(_xlpm.parts, 1), _xlpm.last, INDEX(_xlpm.parts, _xlpm.count), _xlpm.first & " " & _xlpm.last )} -> Joseph Speno | L84: {=_xlfn.LET( _xlpm.name, TRIM(B84), _xlpm.nameClean, SUBSTITUTE(SUBSTITUTE(_xlpm.name, ", Jr.", ""), " III", ""), _xlpm.parts, _xlfn.TEXTSPLIT(_xlpm.nameClean, " "), _xlpm.count, COUNTA(_xlpm.parts), _xlpm.first, INDEX(_xlpm.parts, 1), _xlpm.last, INDEX(_xlpm.parts, _xlpm.count), _xlpm.result, _xlpm.last & "_" & _xlpm.first & "_25", _xlpm.result )} -> Speno_Joseph_25 | M84: OL | N84: =Table5[[#This Row],[Yr.]] -> Jr.
